"Linked to ""Transposer"" Grid â€” Copy and Paste as Values",,Field 1,Field 2,Field 3,Field 4,Field 5,Field 6,Field 7,Field 8
,Loop 1,"<img src=""https://umich.qualtrics.com/ControlPanel/Graphic.php?IM=IM_3JmDFHMxjb1ZnIG"" />","<img src=""https://umich.qualtrics.com/ControlPanel/Graphic.php?IM=IM_1zCS9P17d1Fa9hk"" />","<img src=""https://umich.qualtrics.com/ControlPanel/Graphic.php?IM=IM_0BskEdKAiUEkCWO"" />","<img src=""https://umich.qualtrics.com/ControlPanel/Graphic.php?IM=IM_bqm5BwEKIQFIr8G"" />","<img src=""https://umich.qualtrics.com/ControlPanel/Graphic.php?IM=IM_0jnWIADUa2xOzRk"" />","<img src=""https://umich.qualtrics.com/ControlPanel/Graphic.php?IM=IM_e41UKvWM1iwJVjw"" />","<img src=""https://umich.qualtrics.com/ControlPanel/Graphic.php?IM=IM_71BuDyzLUJd6phQ"" />","<img src=""https://umich.qualtrics.com/ControlPanel/Graphic.php?IM=IM_dneybb3yhJ1lfgi"" />"
,Loop 2,"<img src=""https://umich.qualtrics.com/ControlPanel/Graphic.php?IM=IM_9yQ4aMCueB2VU8K"" />","<img src=""https://umich.qualtrics.com/ControlPanel/Graphic.php?IM=IM_6DnXUeWYgGRioXc"" />","<img src=""https://umich.qualtrics.com/ControlPanel/Graphic.php?IM=IM_8wyBGsBgbSyT4Mu"" />","<img src=""https://umich.qualtrics.com/ControlPanel/Graphic.php?IM=IM_00ss5C58pZNCgXI"" />","<img src=""https://umich.qualtrics.com/ControlPanel/Graphic.php?IM=IM_6g7DQpb7a7wYUWa"" />","<img src=""https://umich.qualtrics.com/ControlPanel/Graphic.php?IM=IM_3q7ERhSN6DlXERE"" />","<img src=""https://umich.qualtrics.com/ControlPanel/Graphic.php?IM=IM_5o6MctpzPtXraDA"" />","<img src=""https://umich.qualtrics.com/ControlPanel/Graphic.php?IM=IM_1RkSbxcQICPx37g"" />"
,Loop 3,"<img src=""https://umich.qualtrics.com/ControlPanel/Graphic.php?IM=IM_7TJHqQm1T7pYe7Y"" />","<img src=""https://umich.qualtrics.com/ControlPanel/Graphic.php?IM=IM_4Mfjkr0NKcD2oF8"" />","<img src=""https://umich.qualtrics.com/ControlPanel/Graphic.php?IM=IM_3xeqoGjlDlIJdJA"" />","<img src=""https://umich.qualtrics.com/ControlPanel/Graphic.php?IM=IM_d5S9mQuBb9aQHPg"" />","<img src=""https://umich.qualtrics.com/ControlPanel/Graphic.php?IM=IM_0ePdZUnbQyGvzMy"" />","<img src=""https://umich.qualtrics.com/ControlPanel/Graphic.php?IM=IM_bPB4WINJX4AgIt0"" />","<img src=""https://umich.qualtrics.com/ControlPanel/Graphic.php?IM=IM_3Vjs6cWw67woixg"" />","<img src=""https://umich.qualtrics.com/ControlPanel/Graphic.php?IM=IM_bJI42TlPmxdh28m"" />"
,Loop 4,"<img src=""https://umich.qualtrics.com/ControlPanel/Graphic.php?IM=IM_damOw65HHVB8YgS"" />","<img src=""https://umich.qualtrics.com/ControlPanel/Graphic.php?IM=IM_55Ala6FtIazI4S2"" />","<img src=""https://umich.qualtrics.com/ControlPanel/Graphic.php?IM=IM_b1xwjLgVN9MV4SW"" />","<img src=""https://umich.qualtrics.com/ControlPanel/Graphic.php?IM=IM_0cTR9UocdJhXgWi"" />","<img src=""https://umich.qualtrics.com/ControlPanel/Graphic.php?IM=IM_esoFWxZ1KFg7Hoi"" />","<img src=""https://umich.qualtrics.com/ControlPanel/Graphic.php?IM=IM_1RdfYAHv5Hr87ye"" />","<img src=""https://umich.qualtrics.com/ControlPanel/Graphic.php?IM=IM_3wu09nyiHgPojYO"" />","<img src=""https://umich.qualtrics.com/ControlPanel/Graphic.php?IM=IM_cGBQoII3pzqhw58"" />"
,Loop 5,"<img src=""https://umich.qualtrics.com/ControlPanel/Graphic.php?IM=IM_1KZ9i3QFUptt47I"" />","<img src=""https://umich.qualtrics.com/ControlPanel/Graphic.php?IM=IM_1Y6CdDGufsQVhC6"" />","<img src=""https://umich.qualtrics.com/ControlPanel/Graphic.php?IM=IM_egS3bJ2zTQIFlQi"" />","<img src=""https://umich.qualtrics.com/ControlPanel/Graphic.php?IM=IM_bDYdkrzC4NzrGhU"" />","<img src=""https://umich.qualtrics.com/ControlPanel/Graphic.php?IM=IM_1LCRaaA8no5VnPU"" />","<img src=""https://umich.qualtrics.com/ControlPanel/Graphic.php?IM=IM_bmwzQh05jbnX3Uy"" />","<img src=""https://umich.qualtrics.com/ControlPanel/Graphic.php?IM=IM_9AEoXx8bXXlsF9k"" />","<img src=""https://umich.qualtrics.com/ControlPanel/Graphic.php?IM=IM_dnYWzH41xuyqGGi"" />"
,Loop 6,"<img src=""https://umich.qualtrics.com/ControlPanel/Graphic.php?IM=IM_9XLji5myBcyNRgG"" />","<img src=""https://umich.qualtrics.com/ControlPanel/Graphic.php?IM=IM_8BXnzZjzycDdu0S"" />","<img src=""https://umich.qualtrics.com/ControlPanel/Graphic.php?IM=IM_3pDAAKWBE7XWCcS"" />","<img src=""https://umich.qualtrics.com/ControlPanel/Graphic.php?IM=IM_6gIxLP4wJQLbOl0"" />","<img src=""https://umich.qualtrics.com/ControlPanel/Graphic.php?IM=IM_enbyC6rYE3xScBg"" />","<img src=""https://umich.qualtrics.com/ControlPanel/Graphic.php?IM=IM_8doYi3Y3cSrgHrg"" />","<img src=""https://umich.qualtrics.com/ControlPanel/Graphic.php?IM=IM_07LMIlKKhiR1rLw"" />","<img src=""https://umich.qualtrics.com/ControlPanel/Graphic.php?IM=IM_bm7CA5L0BeMxgPA"" />"
,Loop 7,"<img src=""https://umich.qualtrics.com/ControlPanel/Graphic.php?IM=IM_8vRESw1r1m9WJQG"" />","<img src=""https://umich.qualtrics.com/ControlPanel/Graphic.php?IM=IM_0IZY6YLPlctK9ee"" />","<img src=""https://umich.qualtrics.com/ControlPanel/Graphic.php?IM=IM_8komtRwotXaCsqG"" />","<img src=""https://umich.qualtrics.com/ControlPanel/Graphic.php?IM=IM_9HMr90CS0IdVCxo"" />","<img src=""https://umich.qualtrics.com/ControlPanel/Graphic.php?IM=IM_5i32LTMRyIPNlvU"" />","<img src=""https://umich.qualtrics.com/ControlPanel/Graphic.php?IM=IM_eG79Z9lieweUE3Y"" />","<img src=""https://umich.qualtrics.com/ControlPanel/Graphic.php?IM=IM_0wz9N4p8WBAwEmy"" />","<img src=""https://umich.qualtrics.com/ControlPanel/Graphic.php?IM=IM_4Hm3DTLCHeUJE6a"" />"
,Loop 8,"<img src=""https://umich.qualtrics.com/ControlPanel/Graphic.php?IM=IM_7NUltctMlvEWeZE"" />","<img src=""https://umich.qualtrics.com/ControlPanel/Graphic.php?IM=IM_6Ap0mCSxX2gerWK"" />","<img src=""https://umich.qualtrics.com/ControlPanel/Graphic.php?IM=IM_4OygS4IG3MkOMVU"" />","<img src=""https://umich.qualtrics.com/ControlPanel/Graphic.php?IM=IM_3UIRZwrOzcLocHI"" />","<img src=""https://umich.qualtrics.com/ControlPanel/Graphic.php?IM=IM_d5UmaUooIqdI4Jg"" />","<img src=""https://umich.qualtrics.com/ControlPanel/Graphic.php?IM=IM_5w1EOSrYFO3BqjI"" />","<img src=""https://umich.qualtrics.com/ControlPanel/Graphic.php?IM=IM_bOBq5x3NjLaikPs"" />","<img src=""https://umich.qualtrics.com/ControlPanel/Graphic.php?IM=IM_5aNRBfnLyChko0C"" />"
,Loop 9,"<img src=""https://umich.qualtrics.com/ControlPanel/Graphic.php?IM=IM_czRS1I8XhHQyhTg"" />","<img src=""https://umich.qualtrics.com/ControlPanel/Graphic.php?IM=IM_7W29uBl5jhqQuzA"" />","<img src=""https://umich.qualtrics.com/ControlPanel/Graphic.php?IM=IM_d1rfFUoNmAFLQs6"" />","<img src=""https://umich.qualtrics.com/ControlPanel/Graphic.php?IM=IM_exuTw27UG3My70a"" />","<img src=""https://umich.qualtrics.com/ControlPanel/Graphic.php?IM=IM_1GGZ7lQ5qOGnl0W"" />","<img src=""https://umich.qualtrics.com/ControlPanel/Graphic.php?IM=IM_6sOaajzmi0DVVOe"" />","<img src=""https://umich.qualtrics.com/ControlPanel/Graphic.php?IM=IM_25ZsmRXw5n04DT8"" />","<img src=""https://umich.qualtrics.com/ControlPanel/Graphic.php?IM=IM_80pWLviJv5ZP9tQ"" />"
,,,,,,,,,
List A,,Field 1,Field 2,Field 3,Field 4,Field 5,Field 6,Field 7,Field 8
,Loop 1,"<img src=""https://umich.qualtrics.com/ControlPanel/Graphic.php?IM=IM_07LMIlKKhiR1rLw"" />","<img src=""https://umich.qualtrics.com/ControlPanel/Graphic.php?IM=IM_e41UKvWM1iwJVjw"" />","<img src=""https://umich.qualtrics.com/ControlPanel/Graphic.php?IM=IM_7NUltctMlvEWeZE"" />","<img src=""https://umich.qualtrics.com/ControlPanel/Graphic.php?IM=IM_czRS1I8XhHQyhTg"" />","<img src=""https://umich.qualtrics.com/ControlPanel/Graphic.php?IM=IM_6DnXUeWYgGRioXc"" />","<img src=""https://umich.qualtrics.com/ControlPanel/Graphic.php?IM=IM_4OygS4IG3MkOMVU"" />","<img src=""https://umich.qualtrics.com/ControlPanel/Graphic.php?IM=IM_eG79Z9lieweUE3Y"" />","<img src=""https://umich.qualtrics.com/ControlPanel/Graphic.php?IM=IM_00ss5C58pZNCgXI"" />"
,Loop 2,"<img src=""https://umich.qualtrics.com/ControlPanel/Graphic.php?IM=IM_6sOaajzmi0DVVOe"" />","<img src=""https://umich.qualtrics.com/ControlPanel/Graphic.php?IM=IM_3pDAAKWBE7XWCcS"" />","<img src=""https://umich.qualtrics.com/ControlPanel/Graphic.php?IM=IM_enbyC6rYE3xScBg"" />","<img src=""https://umich.qualtrics.com/ControlPanel/Graphic.php?IM=IM_exuTw27UG3My70a"" />","<img src=""https://umich.qualtrics.com/ControlPanel/Graphic.php?IM=IM_0ePdZUnbQyGvzMy"" />","<img src=""https://umich.qualtrics.com/ControlPanel/Graphic.php?IM=IM_7TJHqQm1T7pYe7Y"" />","<img src=""https://umich.qualtrics.com/ControlPanel/Graphic.php?IM=IM_bmwzQh05jbnX3Uy"" />","<img src=""https://umich.qualtrics.com/ControlPanel/Graphic.php?IM=IM_b1xwjLgVN9MV4SW"" />"
,Loop 3,"<img src=""https://umich.qualtrics.com/ControlPanel/Graphic.php?IM=IM_9HMr90CS0IdVCxo"" />","<img src=""https://umich.qualtrics.com/ControlPanel/Graphic.php?IM=IM_esoFWxZ1KFg7Hoi"" />","<img src=""https://umich.qualtrics.com/ControlPanel/Graphic.php?IM=IM_5o6MctpzPtXraDA"" />","<img src=""https://umich.qualtrics.com/ControlPanel/Graphic.php?IM=IM_damOw65HHVB8YgS"" />","<img src=""https://umich.qualtrics.com/ControlPanel/Graphic.php?IM=IM_bqm5BwEKIQFIr8G"" />","<img src=""https://umich.qualtrics.com/ControlPanel/Graphic.php?IM=IM_71BuDyzLUJd6phQ"" />","<img src=""https://umich.qualtrics.com/ControlPanel/Graphic.php?IM=IM_0IZY6YLPlctK9ee"" />","<img src=""https://umich.qualtrics.com/ControlPanel/Graphic.php?IM=IM_3UIRZwrOzcLocHI"" />"
,Loop 4,"<img src=""https://umich.qualtrics.com/ControlPanel/Graphic.php?IM=IM_d5S9mQuBb9aQHPg"" />","<img src=""https://umich.qualtrics.com/ControlPanel/Graphic.php?IM=IM_dneybb3yhJ1lfgi"" />","<img src=""https://umich.qualtrics.com/ControlPanel/Graphic.php?IM=IM_3q7ERhSN6DlXERE"" />","<img src=""https://umich.qualtrics.com/ControlPanel/Graphic.php?IM=IM_1LCRaaA8no5VnPU"" />","<img src=""https://umich.qualtrics.com/ControlPanel/Graphic.php?IM=IM_8vRESw1r1m9WJQG"" />","<img src=""https://umich.qualtrics.com/ControlPanel/Graphic.php?IM=IM_1KZ9i3QFUptt47I"" />","<img src=""https://umich.qualtrics.com/ControlPanel/Graphic.php?IM=IM_1RkSbxcQICPx37g"" />","<img src=""https://umich.qualtrics.com/ControlPanel/Graphic.php?IM=IM_3Vjs6cWw67woixg"" />"
,Loop 5,"<img src=""https://umich.qualtrics.com/ControlPanel/Graphic.php?IM=IM_9yQ4aMCueB2VU8K"" />","<img src=""https://umich.qualtrics.com/ControlPanel/Graphic.php?IM=IM_8BXnzZjzycDdu0S"" />","<img src=""https://umich.qualtrics.com/ControlPanel/Graphic.php?IM=IM_6Ap0mCSxX2gerWK"" />","<img src=""https://umich.qualtrics.com/ControlPanel/Graphic.php?IM=IM_bJI42TlPmxdh28m"" />","<img src=""https://umich.qualtrics.com/ControlPanel/Graphic.php?IM=IM_5i32LTMRyIPNlvU"" />","<img src=""https://umich.qualtrics.com/ControlPanel/Graphic.php?IM=IM_5aNRBfnLyChko0C"" />","<img src=""https://umich.qualtrics.com/ControlPanel/Graphic.php?IM=IM_0cTR9UocdJhXgWi"" />","<img src=""https://umich.qualtrics.com/ControlPanel/Graphic.php?IM=IM_3JmDFHMxjb1ZnIG"" />"
,Loop 6,"<img src=""https://umich.qualtrics.com/ControlPanel/Graphic.php?IM=IM_bOBq5x3NjLaikPs"" />","<img src=""https://umich.qualtrics.com/ControlPanel/Graphic.php?IM=IM_55Ala6FtIazI4S2"" />","<img src=""https://umich.qualtrics.com/ControlPanel/Graphic.php?IM=IM_bPB4WINJX4AgIt0"" />","<img src=""https://umich.qualtrics.com/ControlPanel/Graphic.php?IM=IM_7W29uBl5jhqQuzA"" />","<img src=""https://umich.qualtrics.com/ControlPanel/Graphic.php?IM=IM_d5UmaUooIqdI4Jg"" />","<img src=""https://umich.qualtrics.com/ControlPanel/Graphic.php?IM=IM_5w1EOSrYFO3BqjI"" />","<img src=""https://umich.qualtrics.com/ControlPanel/Graphic.php?IM=IM_d1rfFUoNmAFLQs6"" />","<img src=""https://umich.qualtrics.com/ControlPanel/Graphic.php?IM=IM_1GGZ7lQ5qOGnl0W"" />"
,Loop 7,"<img src=""https://umich.qualtrics.com/ControlPanel/Graphic.php?IM=IM_8wyBGsBgbSyT4Mu"" />","<img src=""https://umich.qualtrics.com/ControlPanel/Graphic.php?IM=IM_6g7DQpb7a7wYUWa"" />","<img src=""https://umich.qualtrics.com/ControlPanel/Graphic.php?IM=IM_4Mfjkr0NKcD2oF8"" />","<img src=""https://umich.qualtrics.com/ControlPanel/Graphic.php?IM=IM_9XLji5myBcyNRgG"" />","<img src=""https://umich.qualtrics.com/ControlPanel/Graphic.php?IM=IM_8doYi3Y3cSrgHrg"" />","<img src=""https://umich.qualtrics.com/ControlPanel/Graphic.php?IM=IM_1RdfYAHv5Hr87ye"" />","<img src=""https://umich.qualtrics.com/ControlPanel/Graphic.php?IM=IM_3wu09nyiHgPojYO"" />","<img src=""https://umich.qualtrics.com/ControlPanel/Graphic.php?IM=IM_0jnWIADUa2xOzRk"" />"
,Loop 8,"<img src=""https://umich.qualtrics.com/ControlPanel/Graphic.php?IM=IM_egS3bJ2zTQIFlQi"" />","<img src=""https://umich.qualtrics.com/ControlPanel/Graphic.php?IM=IM_9AEoXx8bXXlsF9k"" />","<img src=""https://umich.qualtrics.com/ControlPanel/Graphic.php?IM=IM_0BskEdKAiUEkCWO"" />","<img src=""https://umich.qualtrics.com/ControlPanel/Graphic.php?IM=IM_3xeqoGjlDlIJdJA"" />","<img src=""https://umich.qualtrics.com/ControlPanel/Graphic.php?IM=IM_0wz9N4p8WBAwEmy"" />","<img src=""https://umich.qualtrics.com/ControlPanel/Graphic.php?IM=IM_8komtRwotXaCsqG"" />","<img src=""https://umich.qualtrics.com/ControlPanel/Graphic.php?IM=IM_4Hm3DTLCHeUJE6a"" />","<img src=""https://umich.qualtrics.com/ControlPanel/Graphic.php?IM=IM_80pWLviJv5ZP9tQ"" />"
,Loop 9,"<img src=""https://umich.qualtrics.com/ControlPanel/Graphic.php?IM=IM_cGBQoII3pzqhw58"" />","<img src=""https://umich.qualtrics.com/ControlPanel/Graphic.php?IM=IM_bm7CA5L0BeMxgPA"" />","<img src=""https://umich.qualtrics.com/ControlPanel/Graphic.php?IM=IM_25ZsmRXw5n04DT8"" />","<img src=""https://umich.qualtrics.com/ControlPanel/Graphic.php?IM=IM_1Y6CdDGufsQVhC6"" />","<img src=""https://umich.qualtrics.com/ControlPanel/Graphic.php?IM=IM_6gIxLP4wJQLbOl0"" />","<img src=""https://umich.qualtrics.com/ControlPanel/Graphic.php?IM=IM_bDYdkrzC4NzrGhU"" />","<img src=""https://umich.qualtrics.com/ControlPanel/Graphic.php?IM=IM_dnYWzH41xuyqGGi"" />","<img src=""https://umich.qualtrics.com/ControlPanel/Graphic.php?IM=IM_1zCS9P17d1Fa9hk"" />"
,,,,,,,,,
List B,,Field 1,Field 2,Field 3,Field 4,Field 5,Field 6,Field 7,Field 8
,Loop 1,"<img src=""https://umich.qualtrics.com/ControlPanel/Graphic.php?IM=IM_6g7DQpb7a7wYUWa"" />","<img src=""https://umich.qualtrics.com/ControlPanel/Graphic.php?IM=IM_25ZsmRXw5n04DT8"" />","<img src=""https://umich.qualtrics.com/ControlPanel/Graphic.php?IM=IM_5aNRBfnLyChko0C"" />","<img src=""https://umich.qualtrics.com/ControlPanel/Graphic.php?IM=IM_esoFWxZ1KFg7Hoi"" />","<img src=""https://umich.qualtrics.com/ControlPanel/Graphic.php?IM=IM_1LCRaaA8no5VnPU"" />","<img src=""https://umich.qualtrics.com/ControlPanel/Graphic.php?IM=IM_7TJHqQm1T7pYe7Y"" />","<img src=""https://umich.qualtrics.com/ControlPanel/Graphic.php?IM=IM_71BuDyzLUJd6phQ"" />","<img src=""https://umich.qualtrics.com/ControlPanel/Graphic.php?IM=IM_0IZY6YLPlctK9ee"" />"
,Loop 2,"<img src=""https://umich.qualtrics.com/ControlPanel/Graphic.php?IM=IM_cGBQoII3pzqhw58"" />","<img src=""https://umich.qualtrics.com/ControlPanel/Graphic.php?IM=IM_3xeqoGjlDlIJdJA"" />","<img src=""https://umich.qualtrics.com/ControlPanel/Graphic.php?IM=IM_bDYdkrzC4NzrGhU"" />","<img src=""https://umich.qualtrics.com/ControlPanel/Graphic.php?IM=IM_5w1EOSrYFO3BqjI"" />","<img src=""https://umich.qualtrics.com/ControlPanel/Graphic.php?IM=IM_1zCS9P17d1Fa9hk"" />","<img src=""https://umich.qualtrics.com/ControlPanel/Graphic.php?IM=IM_0BskEdKAiUEkCWO"" />","<img src=""https://umich.qualtrics.com/ControlPanel/Graphic.php?IM=IM_1RdfYAHv5Hr87ye"" />","<img src=""https://umich.qualtrics.com/ControlPanel/Graphic.php?IM=IM_8vRESw1r1m9WJQG"" />"
,Loop 3,"<img src=""https://umich.qualtrics.com/ControlPanel/Graphic.php?IM=IM_4Hm3DTLCHeUJE6a"" />","<img src=""https://umich.qualtrics.com/ControlPanel/Graphic.php?IM=IM_e41UKvWM1iwJVjw"" />","<img src=""https://umich.qualtrics.com/ControlPanel/Graphic.php?IM=IM_80pWLviJv5ZP9tQ"" />","<img src=""https://umich.qualtrics.com/ControlPanel/Graphic.php?IM=IM_6DnXUeWYgGRioXc"" />","<img src=""https://umich.qualtrics.com/ControlPanel/Graphic.php?IM=IM_5i32LTMRyIPNlvU"" />","<img src=""https://umich.qualtrics.com/ControlPanel/Graphic.php?IM=IM_9AEoXx8bXXlsF9k"" />","<img src=""https://umich.qualtrics.com/ControlPanel/Graphic.php?IM=IM_9yQ4aMCueB2VU8K"" />","<img src=""https://umich.qualtrics.com/ControlPanel/Graphic.php?IM=IM_4OygS4IG3MkOMVU"" />"
,Loop 4,"<img src=""https://umich.qualtrics.com/ControlPanel/Graphic.php?IM=IM_d5UmaUooIqdI4Jg"" />","<img src=""https://umich.qualtrics.com/ControlPanel/Graphic.php?IM=IM_0ePdZUnbQyGvzMy"" />","<img src=""https://umich.qualtrics.com/ControlPanel/Graphic.php?IM=IM_3UIRZwrOzcLocHI"" />","<img src=""https://umich.qualtrics.com/ControlPanel/Graphic.php?IM=IM_0cTR9UocdJhXgWi"" />","<img src=""https://umich.qualtrics.com/ControlPanel/Graphic.php?IM=IM_9XLji5myBcyNRgG"" />","<img src=""https://umich.qualtrics.com/ControlPanel/Graphic.php?IM=IM_9HMr90CS0IdVCxo"" />","<img src=""https://umich.qualtrics.com/ControlPanel/Graphic.php?IM=IM_d1rfFUoNmAFLQs6"" />","<img src=""https://umich.qualtrics.com/ControlPanel/Graphic.php?IM=IM_exuTw27UG3My70a"" />"
,Loop 5,"<img src=""https://umich.qualtrics.com/ControlPanel/Graphic.php?IM=IM_8komtRwotXaCsqG"" />","<img src=""https://umich.qualtrics.com/ControlPanel/Graphic.php?IM=IM_czRS1I8XhHQyhTg"" />","<img src=""https://umich.qualtrics.com/ControlPanel/Graphic.php?IM=IM_d5S9mQuBb9aQHPg"" />","<img src=""https://umich.qualtrics.com/ControlPanel/Graphic.php?IM=IM_07LMIlKKhiR1rLw"" />","<img src=""https://umich.qualtrics.com/ControlPanel/Graphic.php?IM=IM_b1xwjLgVN9MV4SW"" />","<img src=""https://umich.qualtrics.com/ControlPanel/Graphic.php?IM=IM_damOw65HHVB8YgS"" />","<img src=""https://umich.qualtrics.com/ControlPanel/Graphic.php?IM=IM_4Mfjkr0NKcD2oF8"" />","<img src=""https://umich.qualtrics.com/ControlPanel/Graphic.php?IM=IM_eG79Z9lieweUE3Y"" />"
,Loop 6,"<img src=""https://umich.qualtrics.com/ControlPanel/Graphic.php?IM=IM_6Ap0mCSxX2gerWK"" />","<img src=""https://umich.qualtrics.com/ControlPanel/Graphic.php?IM=IM_6gIxLP4wJQLbOl0"" />","<img src=""https://umich.qualtrics.com/ControlPanel/Graphic.php?IM=IM_6sOaajzmi0DVVOe"" />","<img src=""https://umich.qualtrics.com/ControlPanel/Graphic.php?IM=IM_0jnWIADUa2xOzRk"" />","<img src=""https://umich.qualtrics.com/ControlPanel/Graphic.php?IM=IM_1RkSbxcQICPx37g"" />","<img src=""https://umich.qualtrics.com/ControlPanel/Graphic.php?IM=IM_3JmDFHMxjb1ZnIG"" />","<img src=""https://umich.qualtrics.com/ControlPanel/Graphic.php?IM=IM_3pDAAKWBE7XWCcS"" />","<img src=""https://umich.qualtrics.com/ControlPanel/Graphic.php?IM=IM_bm7CA5L0BeMxgPA"" />"
,Loop 7,"<img src=""https://umich.qualtrics.com/ControlPanel/Graphic.php?IM=IM_7W29uBl5jhqQuzA"" />","<img src=""https://umich.qualtrics.com/ControlPanel/Graphic.php?IM=IM_enbyC6rYE3xScBg"" />","<img src=""https://umich.qualtrics.com/ControlPanel/Graphic.php?IM=IM_3wu09nyiHgPojYO"" />","<img src=""https://umich.qualtrics.com/ControlPanel/Graphic.php?IM=IM_3q7ERhSN6DlXERE"" />","<img src=""https://umich.qualtrics.com/ControlPanel/Graphic.php?IM=IM_5o6MctpzPtXraDA"" />","<img src=""https://umich.qualtrics.com/ControlPanel/Graphic.php?IM=IM_8wyBGsBgbSyT4Mu"" />","<img src=""https://umich.qualtrics.com/ControlPanel/Graphic.php?IM=IM_3Vjs6cWw67woixg"" />","<img src=""https://umich.qualtrics.com/ControlPanel/Graphic.php?IM=IM_1GGZ7lQ5qOGnl0W"" />"
,Loop 8,"<img src=""https://umich.qualtrics.com/ControlPanel/Graphic.php?IM=IM_8doYi3Y3cSrgHrg"" />","<img src=""https://umich.qualtrics.com/ControlPanel/Graphic.php?IM=IM_dnYWzH41xuyqGGi"" />","<img src=""https://umich.qualtrics.com/ControlPanel/Graphic.php?IM=IM_bmwzQh05jbnX3Uy"" />","<img src=""https://umich.qualtrics.com/ControlPanel/Graphic.php?IM=IM_bPB4WINJX4AgIt0"" />","<img src=""https://umich.qualtrics.com/ControlPanel/Graphic.php?IM=IM_0wz9N4p8WBAwEmy"" />","<img src=""https://umich.qualtrics.com/ControlPanel/Graphic.php?IM=IM_8BXnzZjzycDdu0S"" />","<img src=""https://umich.qualtrics.com/ControlPanel/Graphic.php?IM=IM_7NUltctMlvEWeZE"" />","<img src=""https://umich.qualtrics.com/ControlPanel/Graphic.php?IM=IM_1Y6CdDGufsQVhC6"" />"
,Loop 9,"<img src=""https://umich.qualtrics.com/ControlPanel/Graphic.php?IM=IM_bJI42TlPmxdh28m"" />","<img src=""https://umich.qualtrics.com/ControlPanel/Graphic.php?IM=IM_bqm5BwEKIQFIr8G"" />","<img src=""https://umich.qualtrics.com/ControlPanel/Graphic.php?IM=IM_bOBq5x3NjLaikPs"" />","<img src=""https://umich.qualtrics.com/ControlPanel/Graphic.php?IM=IM_55Ala6FtIazI4S2"" />","<img src=""https://umich.qualtrics.com/ControlPanel/Graphic.php?IM=IM_00ss5C58pZNCgXI"" />","<img src=""https://umich.qualtrics.com/ControlPanel/Graphic.php?IM=IM_dneybb3yhJ1lfgi"" />","<img src=""https://umich.qualtrics.com/ControlPanel/Graphic.php?IM=IM_egS3bJ2zTQIFlQi"" />","<img src=""https://umich.qualtrics.com/ControlPanel/Graphic.php?IM=IM_1KZ9i3QFUptt47I"" />"
,,,,,,,,,
List C,,Field 1,Field 2,Field 3,Field 4,Field 5,Field 6,Field 7,Field 8
,Loop 1,"<img src=""https://umich.qualtrics.com/ControlPanel/Graphic.php?IM=IM_4Hm3DTLCHeUJE6a"" />","<img src=""https://umich.qualtrics.com/ControlPanel/Graphic.php?IM=IM_1RdfYAHv5Hr87ye"" />","<img src=""https://umich.qualtrics.com/ControlPanel/Graphic.php?IM=IM_8vRESw1r1m9WJQG"" />","<img src=""https://umich.qualtrics.com/ControlPanel/Graphic.php?IM=IM_egS3bJ2zTQIFlQi"" />","<img src=""https://umich.qualtrics.com/ControlPanel/Graphic.php?IM=IM_80pWLviJv5ZP9tQ"" />","<img src=""https://umich.qualtrics.com/ControlPanel/Graphic.php?IM=IM_e41UKvWM1iwJVjw"" />","<img src=""https://umich.qualtrics.com/ControlPanel/Graphic.php?IM=IM_3UIRZwrOzcLocHI"" />","<img src=""https://umich.qualtrics.com/ControlPanel/Graphic.php?IM=IM_damOw65HHVB8YgS"" />"
,Loop 2,"<img src=""https://umich.qualtrics.com/ControlPanel/Graphic.php?IM=IM_25ZsmRXw5n04DT8"" />","<img src=""https://umich.qualtrics.com/ControlPanel/Graphic.php?IM=IM_3Vjs6cWw67woixg"" />","<img src=""https://umich.qualtrics.com/ControlPanel/Graphic.php?IM=IM_6sOaajzmi0DVVOe"" />","<img src=""https://umich.qualtrics.com/ControlPanel/Graphic.php?IM=IM_0jnWIADUa2xOzRk"" />","<img src=""https://umich.qualtrics.com/ControlPanel/Graphic.php?IM=IM_5aNRBfnLyChko0C"" />","<img src=""https://umich.qualtrics.com/ControlPanel/Graphic.php?IM=IM_esoFWxZ1KFg7Hoi"" />","<img src=""https://umich.qualtrics.com/ControlPanel/Graphic.php?IM=IM_6gIxLP4wJQLbOl0"" />","<img src=""https://umich.qualtrics.com/ControlPanel/Graphic.php?IM=IM_czRS1I8XhHQyhTg"" />"
,Loop 3,"<img src=""https://umich.qualtrics.com/ControlPanel/Graphic.php?IM=IM_0wz9N4p8WBAwEmy"" />","<img src=""https://umich.qualtrics.com/ControlPanel/Graphic.php?IM=IM_b1xwjLgVN9MV4SW"" />","<img src=""https://umich.qualtrics.com/ControlPanel/Graphic.php?IM=IM_1Y6CdDGufsQVhC6"" />","<img src=""https://umich.qualtrics.com/ControlPanel/Graphic.php?IM=IM_1RkSbxcQICPx37g"" />","<img src=""https://umich.qualtrics.com/ControlPanel/Graphic.php?IM=IM_bOBq5x3NjLaikPs"" />","<img src=""https://umich.qualtrics.com/ControlPanel/Graphic.php?IM=IM_71BuDyzLUJd6phQ"" />","<img src=""https://umich.qualtrics.com/ControlPanel/Graphic.php?IM=IM_5i32LTMRyIPNlvU"" />","<img src=""https://umich.qualtrics.com/ControlPanel/Graphic.php?IM=IM_3xeqoGjlDlIJdJA"" />"
,Loop 4,"<img src=""https://umich.qualtrics.com/ControlPanel/Graphic.php?IM=IM_0BskEdKAiUEkCWO"" />","<img src=""https://umich.qualtrics.com/ControlPanel/Graphic.php?IM=IM_8BXnzZjzycDdu0S"" />","<img src=""https://umich.qualtrics.com/ControlPanel/Graphic.php?IM=IM_exuTw27UG3My70a"" />","<img src=""https://umich.qualtrics.com/ControlPanel/Graphic.php?IM=IM_0IZY6YLPlctK9ee"" />","<img src=""https://umich.qualtrics.com/ControlPanel/Graphic.php?IM=IM_5w1EOSrYFO3BqjI"" />","<img src=""https://umich.qualtrics.com/ControlPanel/Graphic.php?IM=IM_7W29uBl5jhqQuzA"" />","<img src=""https://umich.qualtrics.com/ControlPanel/Graphic.php?IM=IM_bPB4WINJX4AgIt0"" />","<img src=""https://umich.qualtrics.com/ControlPanel/Graphic.php?IM=IM_07LMIlKKhiR1rLw"" />"
,Loop 5,"<img src=""https://umich.qualtrics.com/ControlPanel/Graphic.php?IM=IM_d5S9mQuBb9aQHPg"" />","<img src=""https://umich.qualtrics.com/ControlPanel/Graphic.php?IM=IM_0ePdZUnbQyGvzMy"" />","<img src=""https://umich.qualtrics.com/ControlPanel/Graphic.php?IM=IM_bJI42TlPmxdh28m"" />","<img src=""https://umich.qualtrics.com/ControlPanel/Graphic.php?IM=IM_6g7DQpb7a7wYUWa"" />","<img src=""https://umich.qualtrics.com/ControlPanel/Graphic.php?IM=IM_6Ap0mCSxX2gerWK"" />","<img src=""https://umich.qualtrics.com/ControlPanel/Graphic.php?IM=IM_3pDAAKWBE7XWCcS"" />","<img src=""https://umich.qualtrics.com/ControlPanel/Graphic.php?IM=IM_bqm5BwEKIQFIr8G"" />","<img src=""https://umich.qualtrics.com/ControlPanel/Graphic.php?IM=IM_00ss5C58pZNCgXI"" />"
,Loop 6,"<img src=""https://umich.qualtrics.com/ControlPanel/Graphic.php?IM=IM_enbyC6rYE3xScBg"" />","<img src=""https://umich.qualtrics.com/ControlPanel/Graphic.php?IM=IM_1zCS9P17d1Fa9hk"" />","<img src=""https://umich.qualtrics.com/ControlPanel/Graphic.php?IM=IM_8wyBGsBgbSyT4Mu"" />","<img src=""https://umich.qualtrics.com/ControlPanel/Graphic.php?IM=IM_7NUltctMlvEWeZE"" />","<img src=""https://umich.qualtrics.com/ControlPanel/Graphic.php?IM=IM_eG79Z9lieweUE3Y"" />","<img src=""https://umich.qualtrics.com/ControlPanel/Graphic.php?IM=IM_8komtRwotXaCsqG"" />","<img src=""https://umich.qualtrics.com/ControlPanel/Graphic.php?IM=IM_9HMr90CS0IdVCxo"" />","<img src=""https://umich.qualtrics.com/ControlPanel/Graphic.php?IM=IM_1KZ9i3QFUptt47I"" />"
,Loop 7,"<img src=""https://umich.qualtrics.com/ControlPanel/Graphic.php?IM=IM_55Ala6FtIazI4S2"" />","<img src=""https://umich.qualtrics.com/ControlPanel/Graphic.php?IM=IM_1LCRaaA8no5VnPU"" />","<img src=""https://umich.qualtrics.com/ControlPanel/Graphic.php?IM=IM_cGBQoII3pzqhw58"" />","<img src=""https://umich.qualtrics.com/ControlPanel/Graphic.php?IM=IM_bmwzQh05jbnX3Uy"" />","<img src=""https://umich.qualtrics.com/ControlPanel/Graphic.php?IM=IM_d1rfFUoNmAFLQs6"" />","<img src=""https://umich.qualtrics.com/ControlPanel/Graphic.php?IM=IM_7TJHqQm1T7pYe7Y"" />","<img src=""https://umich.qualtrics.com/ControlPanel/Graphic.php?IM=IM_4OygS4IG3MkOMVU"" />","<img src=""https://umich.qualtrics.com/ControlPanel/Graphic.php?IM=IM_dneybb3yhJ1lfgi"" />"
,Loop 8,"<img src=""https://umich.qualtrics.com/ControlPanel/Graphic.php?IM=IM_6DnXUeWYgGRioXc"" />","<img src=""https://umich.qualtrics.com/ControlPanel/Graphic.php?IM=IM_0cTR9UocdJhXgWi"" />","<img src=""https://umich.qualtrics.com/ControlPanel/Graphic.php?IM=IM_dnYWzH41xuyqGGi"" />","<img src=""https://umich.qualtrics.com/ControlPanel/Graphic.php?IM=IM_3JmDFHMxjb1ZnIG"" />","<img src=""https://umich.qualtrics.com/ControlPanel/Graphic.php?IM=IM_3q7ERhSN6DlXERE"" />","<img src=""https://umich.qualtrics.com/ControlPanel/Graphic.php?IM=IM_9XLji5myBcyNRgG"" />","<img src=""https://umich.qualtrics.com/ControlPanel/Graphic.php?IM=IM_5o6MctpzPtXraDA"" />","<img src=""https://umich.qualtrics.com/ControlPanel/Graphic.php?IM=IM_9AEoXx8bXXlsF9k"" />"
,Loop 9,"<img src=""https://umich.qualtrics.com/ControlPanel/Graphic.php?IM=IM_4Mfjkr0NKcD2oF8"" />","<img src=""https://umich.qualtrics.com/ControlPanel/Graphic.php?IM=IM_bm7CA5L0BeMxgPA"" />","<img src=""https://umich.qualtrics.com/ControlPanel/Graphic.php?IM=IM_bDYdkrzC4NzrGhU"" />","<img src=""https://umich.qualtrics.com/ControlPanel/Graphic.php?IM=IM_9yQ4aMCueB2VU8K"" />","<img src=""https://umich.qualtrics.com/ControlPanel/Graphic.php?IM=IM_d5UmaUooIqdI4Jg"" />","<img src=""https://umich.qualtrics.com/ControlPanel/Graphic.php?IM=IM_8doYi3Y3cSrgHrg"" />","<img src=""https://umich.qualtrics.com/ControlPanel/Graphic.php?IM=IM_3wu09nyiHgPojYO"" />","<img src=""https://umich.qualtrics.com/ControlPanel/Graphic.php?IM=IM_1GGZ7lQ5qOGnl0W"" />"
,,,,,,,,,
List D,,Field 1,Field 2,Field 3,Field 4,Field 5,Field 6,Field 7,Field 8
,Loop 1,"<img src=""https://umich.qualtrics.com/ControlPanel/Graphic.php?IM=IM_3pDAAKWBE7XWCcS"" />","<img src=""https://umich.qualtrics.com/ControlPanel/Graphic.php?IM=IM_4OygS4IG3MkOMVU"" />","<img src=""https://umich.qualtrics.com/ControlPanel/Graphic.php?IM=IM_egS3bJ2zTQIFlQi"" />","<img src=""https://umich.qualtrics.com/ControlPanel/Graphic.php?IM=IM_71BuDyzLUJd6phQ"" />","<img src=""https://umich.qualtrics.com/ControlPanel/Graphic.php?IM=IM_1RkSbxcQICPx37g"" />","<img src=""https://umich.qualtrics.com/ControlPanel/Graphic.php?IM=IM_1KZ9i3QFUptt47I"" />","<img src=""https://umich.qualtrics.com/ControlPanel/Graphic.php?IM=IM_8komtRwotXaCsqG"" />","<img src=""https://umich.qualtrics.com/ControlPanel/Graphic.php?IM=IM_0BskEdKAiUEkCWO"" />"
,Loop 2,"<img src=""https://umich.qualtrics.com/ControlPanel/Graphic.php?IM=IM_1GGZ7lQ5qOGnl0W"" />","<img src=""https://umich.qualtrics.com/ControlPanel/Graphic.php?IM=IM_9AEoXx8bXXlsF9k"" />","<img src=""https://umich.qualtrics.com/ControlPanel/Graphic.php?IM=IM_bJI42TlPmxdh28m"" />","<img src=""https://umich.qualtrics.com/ControlPanel/Graphic.php?IM=IM_bPB4WINJX4AgIt0"" />","<img src=""https://umich.qualtrics.com/ControlPanel/Graphic.php?IM=IM_bmwzQh05jbnX3Uy"" />","<img src=""https://umich.qualtrics.com/ControlPanel/Graphic.php?IM=IM_25ZsmRXw5n04DT8"" />","<img src=""https://umich.qualtrics.com/ControlPanel/Graphic.php?IM=IM_0IZY6YLPlctK9ee"" />","<img src=""https://umich.qualtrics.com/ControlPanel/Graphic.php?IM=IM_1zCS9P17d1Fa9hk"" />"
,Loop 3,"<img src=""https://umich.qualtrics.com/ControlPanel/Graphic.php?IM=IM_1LCRaaA8no5VnPU"" />","<img src=""https://umich.qualtrics.com/ControlPanel/Graphic.php?IM=IM_3xeqoGjlDlIJdJA"" />","<img src=""https://umich.qualtrics.com/ControlPanel/Graphic.php?IM=IM_8doYi3Y3cSrgHrg"" />","<img src=""https://umich.qualtrics.com/ControlPanel/Graphic.php?IM=IM_5aNRBfnLyChko0C"" />","<img src=""https://umich.qualtrics.com/ControlPanel/Graphic.php?IM=IM_8BXnzZjzycDdu0S"" />","<img src=""https://umich.qualtrics.com/ControlPanel/Graphic.php?IM=IM_b1xwjLgVN9MV4SW"" />","<img src=""https://umich.qualtrics.com/ControlPanel/Graphic.php?IM=IM_7TJHqQm1T7pYe7Y"" />","<img src=""https://umich.qualtrics.com/ControlPanel/Graphic.php?IM=IM_5o6MctpzPtXraDA"" />"
,Loop 4,"<img src=""https://umich.qualtrics.com/ControlPanel/Graphic.php?IM=IM_4Mfjkr0NKcD2oF8"" />","<img src=""https://umich.qualtrics.com/ControlPanel/Graphic.php?IM=IM_0cTR9UocdJhXgWi"" />","<img src=""https://umich.qualtrics.com/ControlPanel/Graphic.php?IM=IM_bqm5BwEKIQFIr8G"" />","<img src=""https://umich.qualtrics.com/ControlPanel/Graphic.php?IM=IM_exuTw27UG3My70a"" />","<img src=""https://umich.qualtrics.com/ControlPanel/Graphic.php?IM=IM_1Y6CdDGufsQVhC6"" />","<img src=""https://umich.qualtrics.com/ControlPanel/Graphic.php?IM=IM_55Ala6FtIazI4S2"" />","<img src=""https://umich.qualtrics.com/ControlPanel/Graphic.php?IM=IM_0wz9N4p8WBAwEmy"" />","<img src=""https://umich.qualtrics.com/ControlPanel/Graphic.php?IM=IM_6Ap0mCSxX2gerWK"" />"
,Loop 5,"<img src=""https://umich.qualtrics.com/ControlPanel/Graphic.php?IM=IM_5i32LTMRyIPNlvU"" />","<img src=""https://umich.qualtrics.com/ControlPanel/Graphic.php?IM=IM_1RdfYAHv5Hr87ye"" />","<img src=""https://umich.qualtrics.com/ControlPanel/Graphic.php?IM=IM_bm7CA5L0BeMxgPA"" />","<img src=""https://umich.qualtrics.com/ControlPanel/Graphic.php?IM=IM_d5UmaUooIqdI4Jg"" />","<img src=""https://umich.qualtrics.com/ControlPanel/Graphic.php?IM=IM_dneybb3yhJ1lfgi"" />","<img src=""https://umich.qualtrics.com/ControlPanel/Graphic.php?IM=IM_00ss5C58pZNCgXI"" />","<img src=""https://umich.qualtrics.com/ControlPanel/Graphic.php?IM=IM_3wu09nyiHgPojYO"" />","<img src=""https://umich.qualtrics.com/ControlPanel/Graphic.php?IM=IM_3UIRZwrOzcLocHI"" />"
,Loop 6,"<img src=""https://umich.qualtrics.com/ControlPanel/Graphic.php?IM=IM_6sOaajzmi0DVVOe"" />","<img src=""https://umich.qualtrics.com/ControlPanel/Graphic.php?IM=IM_07LMIlKKhiR1rLw"" />","<img src=""https://umich.qualtrics.com/ControlPanel/Graphic.php?IM=IM_3JmDFHMxjb1ZnIG"" />","<img src=""https://umich.qualtrics.com/ControlPanel/Graphic.php?IM=IM_0ePdZUnbQyGvzMy"" />","<img src=""https://umich.qualtrics.com/ControlPanel/Graphic.php?IM=IM_cGBQoII3pzqhw58"" />","<img src=""https://umich.qualtrics.com/ControlPanel/Graphic.php?IM=IM_bDYdkrzC4NzrGhU"" />","<img src=""https://umich.qualtrics.com/ControlPanel/Graphic.php?IM=IM_4Hm3DTLCHeUJE6a"" />","<img src=""https://umich.qualtrics.com/ControlPanel/Graphic.php?IM=IM_d5S9mQuBb9aQHPg"" />"
,Loop 7,"<img src=""https://umich.qualtrics.com/ControlPanel/Graphic.php?IM=IM_d1rfFUoNmAFLQs6"" />","<img src=""https://umich.qualtrics.com/ControlPanel/Graphic.php?IM=IM_8vRESw1r1m9WJQG"" />","<img src=""https://umich.qualtrics.com/ControlPanel/Graphic.php?IM=IM_3Vjs6cWw67woixg"" />","<img src=""https://umich.qualtrics.com/ControlPanel/Graphic.php?IM=IM_8wyBGsBgbSyT4Mu"" />","<img src=""https://umich.qualtrics.com/ControlPanel/Graphic.php?IM=IM_3q7ERhSN6DlXERE"" />","<img src=""https://umich.qualtrics.com/ControlPanel/Graphic.php?IM=IM_damOw65HHVB8YgS"" />","<img src=""https://umich.qualtrics.com/ControlPanel/Graphic.php?IM=IM_czRS1I8XhHQyhTg"" />","<img src=""https://umich.qualtrics.com/ControlPanel/Graphic.php?IM=IM_bOBq5x3NjLaikPs"" />"
,Loop 8,"<img src=""https://umich.qualtrics.com/ControlPanel/Graphic.php?IM=IM_80pWLviJv5ZP9tQ"" />","<img src=""https://umich.qualtrics.com/ControlPanel/Graphic.php?IM=IM_6g7DQpb7a7wYUWa"" />","<img src=""https://umich.qualtrics.com/ControlPanel/Graphic.php?IM=IM_eG79Z9lieweUE3Y"" />","<img src=""https://umich.qualtrics.com/ControlPanel/Graphic.php?IM=IM_enbyC6rYE3xScBg"" />","<img src=""https://umich.qualtrics.com/ControlPanel/Graphic.php?IM=IM_7NUltctMlvEWeZE"" />","<img src=""https://umich.qualtrics.com/ControlPanel/Graphic.php?IM=IM_6gIxLP4wJQLbOl0"" />","<img src=""https://umich.qualtrics.com/ControlPanel/Graphic.php?IM=IM_6DnXUeWYgGRioXc"" />","<img src=""https://umich.qualtrics.com/ControlPanel/Graphic.php?IM=IM_esoFWxZ1KFg7Hoi"" />"
,Loop 9,"<img src=""https://umich.qualtrics.com/ControlPanel/Graphic.php?IM=IM_9yQ4aMCueB2VU8K"" />","<img src=""https://umich.qualtrics.com/ControlPanel/Graphic.php?IM=IM_9HMr90CS0IdVCxo"" />","<img src=""https://umich.qualtrics.com/ControlPanel/Graphic.php?IM=IM_dnYWzH41xuyqGGi"" />","<img src=""https://umich.qualtrics.com/ControlPanel/Graphic.php?IM=IM_5w1EOSrYFO3BqjI"" />","<img src=""https://umich.qualtrics.com/ControlPanel/Graphic.php?IM=IM_e41UKvWM1iwJVjw"" />","<img src=""https://umich.qualtrics.com/ControlPanel/Graphic.php?IM=IM_9XLji5myBcyNRgG"" />","<img src=""https://umich.qualtrics.com/ControlPanel/Graphic.php?IM=IM_7W29uBl5jhqQuzA"" />","<img src=""https://umich.qualtrics.com/ControlPanel/Graphic.php?IM=IM_0jnWIADUa2xOzRk"" />"
,,,,,,,,,
List E,,Field 1,Field 2,Field 3,Field 4,Field 5,Field 6,Field 7,Field 8
,Loop 1,"<img src=""https://umich.qualtrics.com/ControlPanel/Graphic.php?IM=IM_4Mfjkr0NKcD2oF8"" />","<img src=""https://umich.qualtrics.com/ControlPanel/Graphic.php?IM=IM_6DnXUeWYgGRioXc"" />","<img src=""https://umich.qualtrics.com/ControlPanel/Graphic.php?IM=IM_7W29uBl5jhqQuzA"" />","<img src=""https://umich.qualtrics.com/ControlPanel/Graphic.php?IM=IM_80pWLviJv5ZP9tQ"" />","<img src=""https://umich.qualtrics.com/ControlPanel/Graphic.php?IM=IM_6sOaajzmi0DVVOe"" />","<img src=""https://umich.qualtrics.com/ControlPanel/Graphic.php?IM=IM_exuTw27UG3My70a"" />","<img src=""https://umich.qualtrics.com/ControlPanel/Graphic.php?IM=IM_9XLji5myBcyNRgG"" />","<img src=""https://umich.qualtrics.com/ControlPanel/Graphic.php?IM=IM_bDYdkrzC4NzrGhU"" />"
,Loop 2,"<img src=""https://umich.qualtrics.com/ControlPanel/Graphic.php?IM=IM_6gIxLP4wJQLbOl0"" />","<img src=""https://umich.qualtrics.com/ControlPanel/Graphic.php?IM=IM_0jnWIADUa2xOzRk"" />","<img src=""https://umich.qualtrics.com/ControlPanel/Graphic.php?IM=IM_3Vjs6cWw67woixg"" />","<img src=""https://umich.qualtrics.com/ControlPanel/Graphic.php?IM=IM_d5S9mQuBb9aQHPg"" />","<img src=""https://umich.qualtrics.com/ControlPanel/Graphic.php?IM=IM_eG79Z9lieweUE3Y"" />","<img src=""https://umich.qualtrics.com/ControlPanel/Graphic.php?IM=IM_5i32LTMRyIPNlvU"" />","<img src=""https://umich.qualtrics.com/ControlPanel/Graphic.php?IM=IM_3JmDFHMxjb1ZnIG"" />","<img src=""https://umich.qualtrics.com/ControlPanel/Graphic.php?IM=IM_bJI42TlPmxdh28m"" />"
,Loop 3,"<img src=""https://umich.qualtrics.com/ControlPanel/Graphic.php?IM=IM_1RdfYAHv5Hr87ye"" />","<img src=""https://umich.qualtrics.com/ControlPanel/Graphic.php?IM=IM_dneybb3yhJ1lfgi"" />","<img src=""https://umich.qualtrics.com/ControlPanel/Graphic.php?IM=IM_0ePdZUnbQyGvzMy"" />","<img src=""https://umich.qualtrics.com/ControlPanel/Graphic.php?IM=IM_5o6MctpzPtXraDA"" />","<img src=""https://umich.qualtrics.com/ControlPanel/Graphic.php?IM=IM_1RkSbxcQICPx37g"" />","<img src=""https://umich.qualtrics.com/ControlPanel/Graphic.php?IM=IM_egS3bJ2zTQIFlQi"" />","<img src=""https://umich.qualtrics.com/ControlPanel/Graphic.php?IM=IM_3xeqoGjlDlIJdJA"" />","<img src=""https://umich.qualtrics.com/ControlPanel/Graphic.php?IM=IM_8vRESw1r1m9WJQG"" />"
,Loop 4,"<img src=""https://umich.qualtrics.com/ControlPanel/Graphic.php?IM=IM_b1xwjLgVN9MV4SW"" />","<img src=""https://umich.qualtrics.com/ControlPanel/Graphic.php?IM=IM_9yQ4aMCueB2VU8K"" />","<img src=""https://umich.qualtrics.com/ControlPanel/Graphic.php?IM=IM_e41UKvWM1iwJVjw"" />","<img src=""https://umich.qualtrics.com/ControlPanel/Graphic.php?IM=IM_9AEoXx8bXXlsF9k"" />","<img src=""https://umich.qualtrics.com/ControlPanel/Graphic.php?IM=IM_3pDAAKWBE7XWCcS"" />","<img src=""https://umich.qualtrics.com/ControlPanel/Graphic.php?IM=IM_8wyBGsBgbSyT4Mu"" />","<img src=""https://umich.qualtrics.com/ControlPanel/Graphic.php?IM=IM_6g7DQpb7a7wYUWa"" />","<img src=""https://umich.qualtrics.com/ControlPanel/Graphic.php?IM=IM_bPB4WINJX4AgIt0"" />"
,Loop 5,"<img src=""https://umich.qualtrics.com/ControlPanel/Graphic.php?IM=IM_czRS1I8XhHQyhTg"" />","<img src=""https://umich.qualtrics.com/ControlPanel/Graphic.php?IM=IM_00ss5C58pZNCgXI"" />","<img src=""https://umich.qualtrics.com/ControlPanel/Graphic.php?IM=IM_3UIRZwrOzcLocHI"" />","<img src=""https://umich.qualtrics.com/ControlPanel/Graphic.php?IM=IM_0cTR9UocdJhXgWi"" />","<img src=""https://umich.qualtrics.com/ControlPanel/Graphic.php?IM=IM_6Ap0mCSxX2gerWK"" />","<img src=""https://umich.qualtrics.com/ControlPanel/Graphic.php?IM=IM_d1rfFUoNmAFLQs6"" />","<img src=""https://umich.qualtrics.com/ControlPanel/Graphic.php?IM=IM_enbyC6rYE3xScBg"" />","<img src=""https://umich.qualtrics.com/ControlPanel/Graphic.php?IM=IM_4OygS4IG3MkOMVU"" />"
,Loop 6,"<img src=""https://umich.qualtrics.com/ControlPanel/Graphic.php?IM=IM_bmwzQh05jbnX3Uy"" />","<img src=""https://umich.qualtrics.com/ControlPanel/Graphic.php?IM=IM_25ZsmRXw5n04DT8"" />","<img src=""https://umich.qualtrics.com/ControlPanel/Graphic.php?IM=IM_7TJHqQm1T7pYe7Y"" />","<img src=""https://umich.qualtrics.com/ControlPanel/Graphic.php?IM=IM_1zCS9P17d1Fa9hk"" />","<img src=""https://umich.qualtrics.com/ControlPanel/Graphic.php?IM=IM_8komtRwotXaCsqG"" />","<img src=""https://umich.qualtrics.com/ControlPanel/Graphic.php?IM=IM_3q7ERhSN6DlXERE"" />","<img src=""https://umich.qualtrics.com/ControlPanel/Graphic.php?IM=IM_bqm5BwEKIQFIr8G"" />","<img src=""https://umich.qualtrics.com/ControlPanel/Graphic.php?IM=IM_4Hm3DTLCHeUJE6a"" />"
,Loop 7,"<img src=""https://umich.qualtrics.com/ControlPanel/Graphic.php?IM=IM_8BXnzZjzycDdu0S"" />","<img src=""https://umich.qualtrics.com/ControlPanel/Graphic.php?IM=IM_dnYWzH41xuyqGGi"" />","<img src=""https://umich.qualtrics.com/ControlPanel/Graphic.php?IM=IM_1LCRaaA8no5VnPU"" />","<img src=""https://umich.qualtrics.com/ControlPanel/Graphic.php?IM=IM_0IZY6YLPlctK9ee"" />","<img src=""https://umich.qualtrics.com/ControlPanel/Graphic.php?IM=IM_9HMr90CS0IdVCxo"" />","<img src=""https://umich.qualtrics.com/ControlPanel/Graphic.php?IM=IM_esoFWxZ1KFg7Hoi"" />","<img src=""https://umich.qualtrics.com/ControlPanel/Graphic.php?IM=IM_5aNRBfnLyChko0C"" />","<img src=""https://umich.qualtrics.com/ControlPanel/Graphic.php?IM=IM_3wu09nyiHgPojYO"" />"
,Loop 8,"<img src=""https://umich.qualtrics.com/ControlPanel/Graphic.php?IM=IM_cGBQoII3pzqhw58"" />","<img src=""https://umich.qualtrics.com/ControlPanel/Graphic.php?IM=IM_0BskEdKAiUEkCWO"" />","<img src=""https://umich.qualtrics.com/ControlPanel/Graphic.php?IM=IM_d5UmaUooIqdI4Jg"" />","<img src=""https://umich.qualtrics.com/ControlPanel/Graphic.php?IM=IM_0wz9N4p8WBAwEmy"" />","<img src=""https://umich.qualtrics.com/ControlPanel/Graphic.php?IM=IM_1Y6CdDGufsQVhC6"" />","<img src=""https://umich.qualtrics.com/ControlPanel/Graphic.php?IM=IM_bOBq5x3NjLaikPs"" />","<img src=""https://umich.qualtrics.com/ControlPanel/Graphic.php?IM=IM_07LMIlKKhiR1rLw"" />","<img src=""https://umich.qualtrics.com/ControlPanel/Graphic.php?IM=IM_bm7CA5L0BeMxgPA"" />"
,Loop 9,"<img src=""https://umich.qualtrics.com/ControlPanel/Graphic.php?IM=IM_5w1EOSrYFO3BqjI"" />","<img src=""https://umich.qualtrics.com/ControlPanel/Graphic.php?IM=IM_1KZ9i3QFUptt47I"" />","<img src=""https://umich.qualtrics.com/ControlPanel/Graphic.php?IM=IM_1GGZ7lQ5qOGnl0W"" />","<img src=""https://umich.qualtrics.com/ControlPanel/Graphic.php?IM=IM_7NUltctMlvEWeZE"" />","<img src=""https://umich.qualtrics.com/ControlPanel/Graphic.php?IM=IM_damOw65HHVB8YgS"" />","<img src=""https://umich.qualtrics.com/ControlPanel/Graphic.php?IM=IM_71BuDyzLUJd6phQ"" />","<img src=""https://umich.qualtrics.com/ControlPanel/Graphic.php?IM=IM_55Ala6FtIazI4S2"" />","<img src=""https://umich.qualtrics.com/ControlPanel/Graphic.php?IM=IM_8doYi3Y3cSrgHrg"" />"
,,,,,,,,,
List F,,Field 1,Field 2,Field 3,Field 4,Field 5,Field 6,Field 7,Field 8
,Loop 1,"<img src=""https://umich.qualtrics.com/ControlPanel/Graphic.php?IM=IM_7TJHqQm1T7pYe7Y"" />","<img src=""https://umich.qualtrics.com/ControlPanel/Graphic.php?IM=IM_8vRESw1r1m9WJQG"" />","<img src=""https://umich.qualtrics.com/ControlPanel/Graphic.php?IM=IM_1LCRaaA8no5VnPU"" />","<img src=""https://umich.qualtrics.com/ControlPanel/Graphic.php?IM=IM_9XLji5myBcyNRgG"" />","<img src=""https://umich.qualtrics.com/ControlPanel/Graphic.php?IM=IM_25ZsmRXw5n04DT8"" />","<img src=""https://umich.qualtrics.com/ControlPanel/Graphic.php?IM=IM_6DnXUeWYgGRioXc"" />","<img src=""https://umich.qualtrics.com/ControlPanel/Graphic.php?IM=IM_3q7ERhSN6DlXERE"" />","<img src=""https://umich.qualtrics.com/ControlPanel/Graphic.php?IM=IM_b1xwjLgVN9MV4SW"" />"
,Loop 2,"<img src=""https://umich.qualtrics.com/ControlPanel/Graphic.php?IM=IM_enbyC6rYE3xScBg"" />","<img src=""https://umich.qualtrics.com/ControlPanel/Graphic.php?IM=IM_5i32LTMRyIPNlvU"" />","<img src=""https://umich.qualtrics.com/ControlPanel/Graphic.php?IM=IM_0BskEdKAiUEkCWO"" />","<img src=""https://umich.qualtrics.com/ControlPanel/Graphic.php?IM=IM_bJI42TlPmxdh28m"" />","<img src=""https://umich.qualtrics.com/ControlPanel/Graphic.php?IM=IM_bm7CA5L0BeMxgPA"" />","<img src=""https://umich.qualtrics.com/ControlPanel/Graphic.php?IM=IM_damOw65HHVB8YgS"" />","<img src=""https://umich.qualtrics.com/ControlPanel/Graphic.php?IM=IM_bDYdkrzC4NzrGhU"" />","<img src=""https://umich.qualtrics.com/ControlPanel/Graphic.php?IM=IM_cGBQoII3pzqhw58"" />"
,Loop 3,"<img src=""https://umich.qualtrics.com/ControlPanel/Graphic.php?IM=IM_3Vjs6cWw67woixg"" />","<img src=""https://umich.qualtrics.com/ControlPanel/Graphic.php?IM=IM_dnYWzH41xuyqGGi"" />","<img src=""https://umich.qualtrics.com/ControlPanel/Graphic.php?IM=IM_0IZY6YLPlctK9ee"" />","<img src=""https://umich.qualtrics.com/ControlPanel/Graphic.php?IM=IM_80pWLviJv5ZP9tQ"" />","<img src=""https://umich.qualtrics.com/ControlPanel/Graphic.php?IM=IM_3wu09nyiHgPojYO"" />","<img src=""https://umich.qualtrics.com/ControlPanel/Graphic.php?IM=IM_1RdfYAHv5Hr87ye"" />","<img src=""https://umich.qualtrics.com/ControlPanel/Graphic.php?IM=IM_1RkSbxcQICPx37g"" />","<img src=""https://umich.qualtrics.com/ControlPanel/Graphic.php?IM=IM_d5S9mQuBb9aQHPg"" />"
,Loop 4,"<img src=""https://umich.qualtrics.com/ControlPanel/Graphic.php?IM=IM_6g7DQpb7a7wYUWa"" />","<img src=""https://umich.qualtrics.com/ControlPanel/Graphic.php?IM=IM_8wyBGsBgbSyT4Mu"" />","<img src=""https://umich.qualtrics.com/ControlPanel/Graphic.php?IM=IM_7W29uBl5jhqQuzA"" />","<img src=""https://umich.qualtrics.com/ControlPanel/Graphic.php?IM=IM_exuTw27UG3My70a"" />","<img src=""https://umich.qualtrics.com/ControlPanel/Graphic.php?IM=IM_0cTR9UocdJhXgWi"" />","<img src=""https://umich.qualtrics.com/ControlPanel/Graphic.php?IM=IM_5o6MctpzPtXraDA"" />","<img src=""https://umich.qualtrics.com/ControlPanel/Graphic.php?IM=IM_bOBq5x3NjLaikPs"" />","<img src=""https://umich.qualtrics.com/ControlPanel/Graphic.php?IM=IM_6gIxLP4wJQLbOl0"" />"
,Loop 5,"<img src=""https://umich.qualtrics.com/ControlPanel/Graphic.php?IM=IM_0ePdZUnbQyGvzMy"" />","<img src=""https://umich.qualtrics.com/ControlPanel/Graphic.php?IM=IM_8komtRwotXaCsqG"" />","<img src=""https://umich.qualtrics.com/ControlPanel/Graphic.php?IM=IM_1GGZ7lQ5qOGnl0W"" />","<img src=""https://umich.qualtrics.com/ControlPanel/Graphic.php?IM=IM_5w1EOSrYFO3BqjI"" />","<img src=""https://umich.qualtrics.com/ControlPanel/Graphic.php?IM=IM_8BXnzZjzycDdu0S"" />","<img src=""https://umich.qualtrics.com/ControlPanel/Graphic.php?IM=IM_bPB4WINJX4AgIt0"" />","<img src=""https://umich.qualtrics.com/ControlPanel/Graphic.php?IM=IM_5aNRBfnLyChko0C"" />","<img src=""https://umich.qualtrics.com/ControlPanel/Graphic.php?IM=IM_bmwzQh05jbnX3Uy"" />"
,Loop 6,"<img src=""https://umich.qualtrics.com/ControlPanel/Graphic.php?IM=IM_4Hm3DTLCHeUJE6a"" />","<img src=""https://umich.qualtrics.com/ControlPanel/Graphic.php?IM=IM_6Ap0mCSxX2gerWK"" />","<img src=""https://umich.qualtrics.com/ControlPanel/Graphic.php?IM=IM_3UIRZwrOzcLocHI"" />","<img src=""https://umich.qualtrics.com/ControlPanel/Graphic.php?IM=IM_czRS1I8XhHQyhTg"" />","<img src=""https://umich.qualtrics.com/ControlPanel/Graphic.php?IM=IM_9HMr90CS0IdVCxo"" />","<img src=""https://umich.qualtrics.com/ControlPanel/Graphic.php?IM=IM_7NUltctMlvEWeZE"" />","<img src=""https://umich.qualtrics.com/ControlPanel/Graphic.php?IM=IM_e41UKvWM1iwJVjw"" />","<img src=""https://umich.qualtrics.com/ControlPanel/Graphic.php?IM=IM_71BuDyzLUJd6phQ"" />"
,Loop 7,"<img src=""https://umich.qualtrics.com/ControlPanel/Graphic.php?IM=IM_4OygS4IG3MkOMVU"" />","<img src=""https://umich.qualtrics.com/ControlPanel/Graphic.php?IM=IM_d5UmaUooIqdI4Jg"" />","<img src=""https://umich.qualtrics.com/ControlPanel/Graphic.php?IM=IM_1KZ9i3QFUptt47I"" />","<img src=""https://umich.qualtrics.com/ControlPanel/Graphic.php?IM=IM_6sOaajzmi0DVVOe"" />","<img src=""https://umich.qualtrics.com/ControlPanel/Graphic.php?IM=IM_8doYi3Y3cSrgHrg"" />","<img src=""https://umich.qualtrics.com/ControlPanel/Graphic.php?IM=IM_3xeqoGjlDlIJdJA"" />","<img src=""https://umich.qualtrics.com/ControlPanel/Graphic.php?IM=IM_bqm5BwEKIQFIr8G"" />","<img src=""https://umich.qualtrics.com/ControlPanel/Graphic.php?IM=IM_esoFWxZ1KFg7Hoi"" />"
,Loop 8,"<img src=""https://umich.qualtrics.com/ControlPanel/Graphic.php?IM=IM_4Mfjkr0NKcD2oF8"" />","<img src=""https://umich.qualtrics.com/ControlPanel/Graphic.php?IM=IM_egS3bJ2zTQIFlQi"" />","<img src=""https://umich.qualtrics.com/ControlPanel/Graphic.php?IM=IM_9yQ4aMCueB2VU8K"" />","<img src=""https://umich.qualtrics.com/ControlPanel/Graphic.php?IM=IM_d1rfFUoNmAFLQs6"" />","<img src=""https://umich.qualtrics.com/ControlPanel/Graphic.php?IM=IM_9AEoXx8bXXlsF9k"" />","<img src=""https://umich.qualtrics.com/ControlPanel/Graphic.php?IM=IM_0wz9N4p8WBAwEmy"" />","<img src=""https://umich.qualtrics.com/ControlPanel/Graphic.php?IM=IM_3JmDFHMxjb1ZnIG"" />","<img src=""https://umich.qualtrics.com/ControlPanel/Graphic.php?IM=IM_1Y6CdDGufsQVhC6"" />"
,Loop 9,"<img src=""https://umich.qualtrics.com/ControlPanel/Graphic.php?IM=IM_07LMIlKKhiR1rLw"" />","<img src=""https://umich.qualtrics.com/ControlPanel/Graphic.php?IM=IM_1zCS9P17d1Fa9hk"" />","<img src=""https://umich.qualtrics.com/ControlPanel/Graphic.php?IM=IM_00ss5C58pZNCgXI"" />","<img src=""https://umich.qualtrics.com/ControlPanel/Graphic.php?IM=IM_dneybb3yhJ1lfgi"" />","<img src=""https://umich.qualtrics.com/ControlPanel/Graphic.php?IM=IM_0jnWIADUa2xOzRk"" />","<img src=""https://umich.qualtrics.com/ControlPanel/Graphic.php?IM=IM_55Ala6FtIazI4S2"" />","<img src=""https://umich.qualtrics.com/ControlPanel/Graphic.php?IM=IM_eG79Z9lieweUE3Y"" />","<img src=""https://umich.qualtrics.com/ControlPanel/Graphic.php?IM=IM_3pDAAKWBE7XWCcS"" />"
,,,,,,,,,
List G,,Field 1,Field 2,Field 3,Field 4,Field 5,Field 6,Field 7,Field 8
,Loop 1,"<img src=""https://umich.qualtrics.com/ControlPanel/Graphic.php?IM=IM_3JmDFHMxjb1ZnIG"" />","<img src=""https://umich.qualtrics.com/ControlPanel/Graphic.php?IM=IM_damOw65HHVB8YgS"" />","<img src=""https://umich.qualtrics.com/ControlPanel/Graphic.php?IM=IM_0BskEdKAiUEkCWO"" />","<img src=""https://umich.qualtrics.com/ControlPanel/Graphic.php?IM=IM_07LMIlKKhiR1rLw"" />","<img src=""https://umich.qualtrics.com/ControlPanel/Graphic.php?IM=IM_6Ap0mCSxX2gerWK"" />","<img src=""https://umich.qualtrics.com/ControlPanel/Graphic.php?IM=IM_0IZY6YLPlctK9ee"" />","<img src=""https://umich.qualtrics.com/ControlPanel/Graphic.php?IM=IM_6sOaajzmi0DVVOe"" />","<img src=""https://umich.qualtrics.com/ControlPanel/Graphic.php?IM=IM_5w1EOSrYFO3BqjI"" />"
,Loop 2,"<img src=""https://umich.qualtrics.com/ControlPanel/Graphic.php?IM=IM_6g7DQpb7a7wYUWa"" />","<img src=""https://umich.qualtrics.com/ControlPanel/Graphic.php?IM=IM_1GGZ7lQ5qOGnl0W"" />","<img src=""https://umich.qualtrics.com/ControlPanel/Graphic.php?IM=IM_4Mfjkr0NKcD2oF8"" />","<img src=""https://umich.qualtrics.com/ControlPanel/Graphic.php?IM=IM_7W29uBl5jhqQuzA"" />","<img src=""https://umich.qualtrics.com/ControlPanel/Graphic.php?IM=IM_bOBq5x3NjLaikPs"" />","<img src=""https://umich.qualtrics.com/ControlPanel/Graphic.php?IM=IM_5aNRBfnLyChko0C"" />","<img src=""https://umich.qualtrics.com/ControlPanel/Graphic.php?IM=IM_czRS1I8XhHQyhTg"" />","<img src=""https://umich.qualtrics.com/ControlPanel/Graphic.php?IM=IM_0wz9N4p8WBAwEmy"" />"
,Loop 3,"<img src=""https://umich.qualtrics.com/ControlPanel/Graphic.php?IM=IM_bm7CA5L0BeMxgPA"" />","<img src=""https://umich.qualtrics.com/ControlPanel/Graphic.php?IM=IM_9HMr90CS0IdVCxo"" />","<img src=""https://umich.qualtrics.com/ControlPanel/Graphic.php?IM=IM_d5S9mQuBb9aQHPg"" />","<img src=""https://umich.qualtrics.com/ControlPanel/Graphic.php?IM=IM_bJI42TlPmxdh28m"" />","<img src=""https://umich.qualtrics.com/ControlPanel/Graphic.php?IM=IM_1RkSbxcQICPx37g"" />","<img src=""https://umich.qualtrics.com/ControlPanel/Graphic.php?IM=IM_3pDAAKWBE7XWCcS"" />","<img src=""https://umich.qualtrics.com/ControlPanel/Graphic.php?IM=IM_3q7ERhSN6DlXERE"" />","<img src=""https://umich.qualtrics.com/ControlPanel/Graphic.php?IM=IM_esoFWxZ1KFg7Hoi"" />"
,Loop 4,"<img src=""https://umich.qualtrics.com/ControlPanel/Graphic.php?IM=IM_8BXnzZjzycDdu0S"" />","<img src=""https://umich.qualtrics.com/ControlPanel/Graphic.php?IM=IM_8komtRwotXaCsqG"" />","<img src=""https://umich.qualtrics.com/ControlPanel/Graphic.php?IM=IM_6gIxLP4wJQLbOl0"" />","<img src=""https://umich.qualtrics.com/ControlPanel/Graphic.php?IM=IM_bqm5BwEKIQFIr8G"" />","<img src=""https://umich.qualtrics.com/ControlPanel/Graphic.php?IM=IM_6DnXUeWYgGRioXc"" />","<img src=""https://umich.qualtrics.com/ControlPanel/Graphic.php?IM=IM_3Vjs6cWw67woixg"" />","<img src=""https://umich.qualtrics.com/ControlPanel/Graphic.php?IM=IM_8vRESw1r1m9WJQG"" />","<img src=""https://umich.qualtrics.com/ControlPanel/Graphic.php?IM=IM_7TJHqQm1T7pYe7Y"" />"
,Loop 5,"<img src=""https://umich.qualtrics.com/ControlPanel/Graphic.php?IM=IM_e41UKvWM1iwJVjw"" />","<img src=""https://umich.qualtrics.com/ControlPanel/Graphic.php?IM=IM_bDYdkrzC4NzrGhU"" />","<img src=""https://umich.qualtrics.com/ControlPanel/Graphic.php?IM=IM_dnYWzH41xuyqGGi"" />","<img src=""https://umich.qualtrics.com/ControlPanel/Graphic.php?IM=IM_bPB4WINJX4AgIt0"" />","<img src=""https://umich.qualtrics.com/ControlPanel/Graphic.php?IM=IM_cGBQoII3pzqhw58"" />","<img src=""https://umich.qualtrics.com/ControlPanel/Graphic.php?IM=IM_1zCS9P17d1Fa9hk"" />","<img src=""https://umich.qualtrics.com/ControlPanel/Graphic.php?IM=IM_9AEoXx8bXXlsF9k"" />","<img src=""https://umich.qualtrics.com/ControlPanel/Graphic.php?IM=IM_80pWLviJv5ZP9tQ"" />"
,Loop 6,"<img src=""https://umich.qualtrics.com/ControlPanel/Graphic.php?IM=IM_8doYi3Y3cSrgHrg"" />","<img src=""https://umich.qualtrics.com/ControlPanel/Graphic.php?IM=IM_enbyC6rYE3xScBg"" />","<img src=""https://umich.qualtrics.com/ControlPanel/Graphic.php?IM=IM_25ZsmRXw5n04DT8"" />","<img src=""https://umich.qualtrics.com/ControlPanel/Graphic.php?IM=IM_4Hm3DTLCHeUJE6a"" />","<img src=""https://umich.qualtrics.com/ControlPanel/Graphic.php?IM=IM_bmwzQh05jbnX3Uy"" />","<img src=""https://umich.qualtrics.com/ControlPanel/Graphic.php?IM=IM_55Ala6FtIazI4S2"" />","<img src=""https://umich.qualtrics.com/ControlPanel/Graphic.php?IM=IM_b1xwjLgVN9MV4SW"" />","<img src=""https://umich.qualtrics.com/ControlPanel/Graphic.php?IM=IM_exuTw27UG3My70a"" />"
,Loop 7,"<img src=""https://umich.qualtrics.com/ControlPanel/Graphic.php?IM=IM_9XLji5myBcyNRgG"" />","<img src=""https://umich.qualtrics.com/ControlPanel/Graphic.php?IM=IM_5o6MctpzPtXraDA"" />","<img src=""https://umich.qualtrics.com/ControlPanel/Graphic.php?IM=IM_0jnWIADUa2xOzRk"" />","<img src=""https://umich.qualtrics.com/ControlPanel/Graphic.php?IM=IM_1LCRaaA8no5VnPU"" />","<img src=""https://umich.qualtrics.com/ControlPanel/Graphic.php?IM=IM_71BuDyzLUJd6phQ"" />","<img src=""https://umich.qualtrics.com/ControlPanel/Graphic.php?IM=IM_7NUltctMlvEWeZE"" />","<img src=""https://umich.qualtrics.com/ControlPanel/Graphic.php?IM=IM_0cTR9UocdJhXgWi"" />","<img src=""https://umich.qualtrics.com/ControlPanel/Graphic.php?IM=IM_1RdfYAHv5Hr87ye"" />"
,Loop 8,"<img src=""https://umich.qualtrics.com/ControlPanel/Graphic.php?IM=IM_d5UmaUooIqdI4Jg"" />","<img src=""https://umich.qualtrics.com/ControlPanel/Graphic.php?IM=IM_3xeqoGjlDlIJdJA"" />","<img src=""https://umich.qualtrics.com/ControlPanel/Graphic.php?IM=IM_3UIRZwrOzcLocHI"" />","<img src=""https://umich.qualtrics.com/ControlPanel/Graphic.php?IM=IM_dneybb3yhJ1lfgi"" />","<img src=""https://umich.qualtrics.com/ControlPanel/Graphic.php?IM=IM_3wu09nyiHgPojYO"" />","<img src=""https://umich.qualtrics.com/ControlPanel/Graphic.php?IM=IM_0ePdZUnbQyGvzMy"" />","<img src=""https://umich.qualtrics.com/ControlPanel/Graphic.php?IM=IM_eG79Z9lieweUE3Y"" />","<img src=""https://umich.qualtrics.com/ControlPanel/Graphic.php?IM=IM_8wyBGsBgbSyT4Mu"" />"
,Loop 9,"<img src=""https://umich.qualtrics.com/ControlPanel/Graphic.php?IM=IM_1Y6CdDGufsQVhC6"" />","<img src=""https://umich.qualtrics.com/ControlPanel/Graphic.php?IM=IM_5i32LTMRyIPNlvU"" />","<img src=""https://umich.qualtrics.com/ControlPanel/Graphic.php?IM=IM_4OygS4IG3MkOMVU"" />","<img src=""https://umich.qualtrics.com/ControlPanel/Graphic.php?IM=IM_9yQ4aMCueB2VU8K"" />","<img src=""https://umich.qualtrics.com/ControlPanel/Graphic.php?IM=IM_d1rfFUoNmAFLQs6"" />","<img src=""https://umich.qualtrics.com/ControlPanel/Graphic.php?IM=IM_1KZ9i3QFUptt47I"" />","<img src=""https://umich.qualtrics.com/ControlPanel/Graphic.php?IM=IM_egS3bJ2zTQIFlQi"" />","<img src=""https://umich.qualtrics.com/ControlPanel/Graphic.php?IM=IM_00ss5C58pZNCgXI"" />"
,,,,,,,,,
List H,,Field 1,Field 2,Field 3,Field 4,Field 5,Field 6,Field 7,Field 8
,Loop 1,"<img src=""https://umich.qualtrics.com/ControlPanel/Graphic.php?IM=IM_1RdfYAHv5Hr87ye"" />","<img src=""https://umich.qualtrics.com/ControlPanel/Graphic.php?IM=IM_6Ap0mCSxX2gerWK"" />","<img src=""https://umich.qualtrics.com/ControlPanel/Graphic.php?IM=IM_8vRESw1r1m9WJQG"" />","<img src=""https://umich.qualtrics.com/ControlPanel/Graphic.php?IM=IM_eG79Z9lieweUE3Y"" />","<img src=""https://umich.qualtrics.com/ControlPanel/Graphic.php?IM=IM_3q7ERhSN6DlXERE"" />","<img src=""https://umich.qualtrics.com/ControlPanel/Graphic.php?IM=IM_9yQ4aMCueB2VU8K"" />","<img src=""https://umich.qualtrics.com/ControlPanel/Graphic.php?IM=IM_bDYdkrzC4NzrGhU"" />","<img src=""https://umich.qualtrics.com/ControlPanel/Graphic.php?IM=IM_3Vjs6cWw67woixg"" />"
,Loop 2,"<img src=""https://umich.qualtrics.com/ControlPanel/Graphic.php?IM=IM_8doYi3Y3cSrgHrg"" />","<img src=""https://umich.qualtrics.com/ControlPanel/Graphic.php?IM=IM_0BskEdKAiUEkCWO"" />","<img src=""https://umich.qualtrics.com/ControlPanel/Graphic.php?IM=IM_3JmDFHMxjb1ZnIG"" />","<img src=""https://umich.qualtrics.com/ControlPanel/Graphic.php?IM=IM_6gIxLP4wJQLbOl0"" />","<img src=""https://umich.qualtrics.com/ControlPanel/Graphic.php?IM=IM_e41UKvWM1iwJVjw"" />","<img src=""https://umich.qualtrics.com/ControlPanel/Graphic.php?IM=IM_9XLji5myBcyNRgG"" />","<img src=""https://umich.qualtrics.com/ControlPanel/Graphic.php?IM=IM_25ZsmRXw5n04DT8"" />","<img src=""https://umich.qualtrics.com/ControlPanel/Graphic.php?IM=IM_d5S9mQuBb9aQHPg"" />"
,Loop 3,"<img src=""https://umich.qualtrics.com/ControlPanel/Graphic.php?IM=IM_d5UmaUooIqdI4Jg"" />","<img src=""https://umich.qualtrics.com/ControlPanel/Graphic.php?IM=IM_8BXnzZjzycDdu0S"" />","<img src=""https://umich.qualtrics.com/ControlPanel/Graphic.php?IM=IM_1GGZ7lQ5qOGnl0W"" />","<img src=""https://umich.qualtrics.com/ControlPanel/Graphic.php?IM=IM_6sOaajzmi0DVVOe"" />","<img src=""https://umich.qualtrics.com/ControlPanel/Graphic.php?IM=IM_enbyC6rYE3xScBg"" />","<img src=""https://umich.qualtrics.com/ControlPanel/Graphic.php?IM=IM_dnYWzH41xuyqGGi"" />","<img src=""https://umich.qualtrics.com/ControlPanel/Graphic.php?IM=IM_bmwzQh05jbnX3Uy"" />","<img src=""https://umich.qualtrics.com/ControlPanel/Graphic.php?IM=IM_bm7CA5L0BeMxgPA"" />"
,Loop 4,"<img src=""https://umich.qualtrics.com/ControlPanel/Graphic.php?IM=IM_71BuDyzLUJd6phQ"" />","<img src=""https://umich.qualtrics.com/ControlPanel/Graphic.php?IM=IM_cGBQoII3pzqhw58"" />","<img src=""https://umich.qualtrics.com/ControlPanel/Graphic.php?IM=IM_3xeqoGjlDlIJdJA"" />","<img src=""https://umich.qualtrics.com/ControlPanel/Graphic.php?IM=IM_5o6MctpzPtXraDA"" />","<img src=""https://umich.qualtrics.com/ControlPanel/Graphic.php?IM=IM_5w1EOSrYFO3BqjI"" />","<img src=""https://umich.qualtrics.com/ControlPanel/Graphic.php?IM=IM_9AEoXx8bXXlsF9k"" />","<img src=""https://umich.qualtrics.com/ControlPanel/Graphic.php?IM=IM_9HMr90CS0IdVCxo"" />","<img src=""https://umich.qualtrics.com/ControlPanel/Graphic.php?IM=IM_bPB4WINJX4AgIt0"" />"
,Loop 5,"<img src=""https://umich.qualtrics.com/ControlPanel/Graphic.php?IM=IM_5i32LTMRyIPNlvU"" />","<img src=""https://umich.qualtrics.com/ControlPanel/Graphic.php?IM=IM_07LMIlKKhiR1rLw"" />","<img src=""https://umich.qualtrics.com/ControlPanel/Graphic.php?IM=IM_4Hm3DTLCHeUJE6a"" />","<img src=""https://umich.qualtrics.com/ControlPanel/Graphic.php?IM=IM_1RkSbxcQICPx37g"" />","<img src=""https://umich.qualtrics.com/ControlPanel/Graphic.php?IM=IM_3wu09nyiHgPojYO"" />","<img src=""https://umich.qualtrics.com/ControlPanel/Graphic.php?IM=IM_0ePdZUnbQyGvzMy"" />","<img src=""https://umich.qualtrics.com/ControlPanel/Graphic.php?IM=IM_0IZY6YLPlctK9ee"" />","<img src=""https://umich.qualtrics.com/ControlPanel/Graphic.php?IM=IM_6g7DQpb7a7wYUWa"" />"
,Loop 6,"<img src=""https://umich.qualtrics.com/ControlPanel/Graphic.php?IM=IM_1LCRaaA8no5VnPU"" />","<img src=""https://umich.qualtrics.com/ControlPanel/Graphic.php?IM=IM_00ss5C58pZNCgXI"" />","<img src=""https://umich.qualtrics.com/ControlPanel/Graphic.php?IM=IM_damOw65HHVB8YgS"" />","<img src=""https://umich.qualtrics.com/ControlPanel/Graphic.php?IM=IM_3UIRZwrOzcLocHI"" />","<img src=""https://umich.qualtrics.com/ControlPanel/Graphic.php?IM=IM_bOBq5x3NjLaikPs"" />","<img src=""https://umich.qualtrics.com/ControlPanel/Graphic.php?IM=IM_3pDAAKWBE7XWCcS"" />","<img src=""https://umich.qualtrics.com/ControlPanel/Graphic.php?IM=IM_b1xwjLgVN9MV4SW"" />","<img src=""https://umich.qualtrics.com/ControlPanel/Graphic.php?IM=IM_bJI42TlPmxdh28m"" />"
,Loop 7,"<img src=""https://umich.qualtrics.com/ControlPanel/Graphic.php?IM=IM_exuTw27UG3My70a"" />","<img src=""https://umich.qualtrics.com/ControlPanel/Graphic.php?IM=IM_esoFWxZ1KFg7Hoi"" />","<img src=""https://umich.qualtrics.com/ControlPanel/Graphic.php?IM=IM_1KZ9i3QFUptt47I"" />","<img src=""https://umich.qualtrics.com/ControlPanel/Graphic.php?IM=IM_80pWLviJv5ZP9tQ"" />","<img src=""https://umich.qualtrics.com/ControlPanel/Graphic.php?IM=IM_55Ala6FtIazI4S2"" />","<img src=""https://umich.qualtrics.com/ControlPanel/Graphic.php?IM=IM_5aNRBfnLyChko0C"" />","<img src=""https://umich.qualtrics.com/ControlPanel/Graphic.php?IM=IM_1zCS9P17d1Fa9hk"" />","<img src=""https://umich.qualtrics.com/ControlPanel/Graphic.php?IM=IM_bqm5BwEKIQFIr8G"" />"
,Loop 8,"<img src=""https://umich.qualtrics.com/ControlPanel/Graphic.php?IM=IM_7TJHqQm1T7pYe7Y"" />","<img src=""https://umich.qualtrics.com/ControlPanel/Graphic.php?IM=IM_8wyBGsBgbSyT4Mu"" />","<img src=""https://umich.qualtrics.com/ControlPanel/Graphic.php?IM=IM_8komtRwotXaCsqG"" />","<img src=""https://umich.qualtrics.com/ControlPanel/Graphic.php?IM=IM_0wz9N4p8WBAwEmy"" />","<img src=""https://umich.qualtrics.com/ControlPanel/Graphic.php?IM=IM_0jnWIADUa2xOzRk"" />","<img src=""https://umich.qualtrics.com/ControlPanel/Graphic.php?IM=IM_6DnXUeWYgGRioXc"" />","<img src=""https://umich.qualtrics.com/ControlPanel/Graphic.php?IM=IM_0cTR9UocdJhXgWi"" />","<img src=""https://umich.qualtrics.com/ControlPanel/Graphic.php?IM=IM_dneybb3yhJ1lfgi"" />"
,Loop 9,"<img src=""https://umich.qualtrics.com/ControlPanel/Graphic.php?IM=IM_egS3bJ2zTQIFlQi"" />","<img src=""https://umich.qualtrics.com/ControlPanel/Graphic.php?IM=IM_4OygS4IG3MkOMVU"" />","<img src=""https://umich.qualtrics.com/ControlPanel/Graphic.php?IM=IM_d1rfFUoNmAFLQs6"" />","<img src=""https://umich.qualtrics.com/ControlPanel/Graphic.php?IM=IM_7W29uBl5jhqQuzA"" />","<img src=""https://umich.qualtrics.com/ControlPanel/Graphic.php?IM=IM_czRS1I8XhHQyhTg"" />","<img src=""https://umich.qualtrics.com/ControlPanel/Graphic.php?IM=IM_4Mfjkr0NKcD2oF8"" />","<img src=""https://umich.qualtrics.com/ControlPanel/Graphic.php?IM=IM_7NUltctMlvEWeZE"" />","<img src=""https://umich.qualtrics.com/ControlPanel/Graphic.php?IM=IM_1Y6CdDGufsQVhC6"" />"
,,,,,,,,,
List I,,Field 1,Field 2,Field 3,Field 4,Field 5,Field 6,Field 7,Field 8
,Loop 1,"<img src=""https://umich.qualtrics.com/ControlPanel/Graphic.php?IM=IM_5i32LTMRyIPNlvU"" />","<img src=""https://umich.qualtrics.com/ControlPanel/Graphic.php?IM=IM_8doYi3Y3cSrgHrg"" />","<img src=""https://umich.qualtrics.com/ControlPanel/Graphic.php?IM=IM_bPB4WINJX4AgIt0"" />","<img src=""https://umich.qualtrics.com/ControlPanel/Graphic.php?IM=IM_exuTw27UG3My70a"" />","<img src=""https://umich.qualtrics.com/ControlPanel/Graphic.php?IM=IM_1RkSbxcQICPx37g"" />","<img src=""https://umich.qualtrics.com/ControlPanel/Graphic.php?IM=IM_5o6MctpzPtXraDA"" />","<img src=""https://umich.qualtrics.com/ControlPanel/Graphic.php?IM=IM_bJI42TlPmxdh28m"" />","<img src=""https://umich.qualtrics.com/ControlPanel/Graphic.php?IM=IM_0cTR9UocdJhXgWi"" />"
,Loop 2,"<img src=""https://umich.qualtrics.com/ControlPanel/Graphic.php?IM=IM_6sOaajzmi0DVVOe"" />","<img src=""https://umich.qualtrics.com/ControlPanel/Graphic.php?IM=IM_1Y6CdDGufsQVhC6"" />","<img src=""https://umich.qualtrics.com/ControlPanel/Graphic.php?IM=IM_1RdfYAHv5Hr87ye"" />","<img src=""https://umich.qualtrics.com/ControlPanel/Graphic.php?IM=IM_bm7CA5L0BeMxgPA"" />","<img src=""https://umich.qualtrics.com/ControlPanel/Graphic.php?IM=IM_4Hm3DTLCHeUJE6a"" />","<img src=""https://umich.qualtrics.com/ControlPanel/Graphic.php?IM=IM_bmwzQh05jbnX3Uy"" />","<img src=""https://umich.qualtrics.com/ControlPanel/Graphic.php?IM=IM_0jnWIADUa2xOzRk"" />","<img src=""https://umich.qualtrics.com/ControlPanel/Graphic.php?IM=IM_czRS1I8XhHQyhTg"" />"
,Loop 3,"<img src=""https://umich.qualtrics.com/ControlPanel/Graphic.php?IM=IM_6Ap0mCSxX2gerWK"" />","<img src=""https://umich.qualtrics.com/ControlPanel/Graphic.php?IM=IM_9XLji5myBcyNRgG"" />","<img src=""https://umich.qualtrics.com/ControlPanel/Graphic.php?IM=IM_3xeqoGjlDlIJdJA"" />","<img src=""https://umich.qualtrics.com/ControlPanel/Graphic.php?IM=IM_0wz9N4p8WBAwEmy"" />","<img src=""https://umich.qualtrics.com/ControlPanel/Graphic.php?IM=IM_8wyBGsBgbSyT4Mu"" />","<img src=""https://umich.qualtrics.com/ControlPanel/Graphic.php?IM=IM_8vRESw1r1m9WJQG"" />","<img src=""https://umich.qualtrics.com/ControlPanel/Graphic.php?IM=IM_5aNRBfnLyChko0C"" />","<img src=""https://umich.qualtrics.com/ControlPanel/Graphic.php?IM=IM_0IZY6YLPlctK9ee"" />"
,Loop 4,"<img src=""https://umich.qualtrics.com/ControlPanel/Graphic.php?IM=IM_cGBQoII3pzqhw58"" />","<img src=""https://umich.qualtrics.com/ControlPanel/Graphic.php?IM=IM_e41UKvWM1iwJVjw"" />","<img src=""https://umich.qualtrics.com/ControlPanel/Graphic.php?IM=IM_9HMr90CS0IdVCxo"" />","<img src=""https://umich.qualtrics.com/ControlPanel/Graphic.php?IM=IM_dnYWzH41xuyqGGi"" />","<img src=""https://umich.qualtrics.com/ControlPanel/Graphic.php?IM=IM_3Vjs6cWw67woixg"" />","<img src=""https://umich.qualtrics.com/ControlPanel/Graphic.php?IM=IM_dneybb3yhJ1lfgi"" />","<img src=""https://umich.qualtrics.com/ControlPanel/Graphic.php?IM=IM_d5S9mQuBb9aQHPg"" />","<img src=""https://umich.qualtrics.com/ControlPanel/Graphic.php?IM=IM_7TJHqQm1T7pYe7Y"" />"
,Loop 5,"<img src=""https://umich.qualtrics.com/ControlPanel/Graphic.php?IM=IM_1LCRaaA8no5VnPU"" />","<img src=""https://umich.qualtrics.com/ControlPanel/Graphic.php?IM=IM_8BXnzZjzycDdu0S"" />","<img src=""https://umich.qualtrics.com/ControlPanel/Graphic.php?IM=IM_07LMIlKKhiR1rLw"" />","<img src=""https://umich.qualtrics.com/ControlPanel/Graphic.php?IM=IM_0ePdZUnbQyGvzMy"" />","<img src=""https://umich.qualtrics.com/ControlPanel/Graphic.php?IM=IM_9AEoXx8bXXlsF9k"" />","<img src=""https://umich.qualtrics.com/ControlPanel/Graphic.php?IM=IM_esoFWxZ1KFg7Hoi"" />","<img src=""https://umich.qualtrics.com/ControlPanel/Graphic.php?IM=IM_3wu09nyiHgPojYO"" />","<img src=""https://umich.qualtrics.com/ControlPanel/Graphic.php?IM=IM_egS3bJ2zTQIFlQi"" />"
,Loop 6,"<img src=""https://umich.qualtrics.com/ControlPanel/Graphic.php?IM=IM_3UIRZwrOzcLocHI"" />","<img src=""https://umich.qualtrics.com/ControlPanel/Graphic.php?IM=IM_bDYdkrzC4NzrGhU"" />","<img src=""https://umich.qualtrics.com/ControlPanel/Graphic.php?IM=IM_damOw65HHVB8YgS"" />","<img src=""https://umich.qualtrics.com/ControlPanel/Graphic.php?IM=IM_bOBq5x3NjLaikPs"" />","<img src=""https://umich.qualtrics.com/ControlPanel/Graphic.php?IM=IM_6gIxLP4wJQLbOl0"" />","<img src=""https://umich.qualtrics.com/ControlPanel/Graphic.php?IM=IM_4OygS4IG3MkOMVU"" />","<img src=""https://umich.qualtrics.com/ControlPanel/Graphic.php?IM=IM_80pWLviJv5ZP9tQ"" />","<img src=""https://umich.qualtrics.com/ControlPanel/Graphic.php?IM=IM_3JmDFHMxjb1ZnIG"" />"
,Loop 7,"<img src=""https://umich.qualtrics.com/ControlPanel/Graphic.php?IM=IM_b1xwjLgVN9MV4SW"" />","<img src=""https://umich.qualtrics.com/ControlPanel/Graphic.php?IM=IM_1zCS9P17d1Fa9hk"" />","<img src=""https://umich.qualtrics.com/ControlPanel/Graphic.php?IM=IM_9yQ4aMCueB2VU8K"" />","<img src=""https://umich.qualtrics.com/ControlPanel/Graphic.php?IM=IM_8komtRwotXaCsqG"" />","<img src=""https://umich.qualtrics.com/ControlPanel/Graphic.php?IM=IM_7NUltctMlvEWeZE"" />","<img src=""https://umich.qualtrics.com/ControlPanel/Graphic.php?IM=IM_0BskEdKAiUEkCWO"" />","<img src=""https://umich.qualtrics.com/ControlPanel/Graphic.php?IM=IM_7W29uBl5jhqQuzA"" />","<img src=""https://umich.qualtrics.com/ControlPanel/Graphic.php?IM=IM_00ss5C58pZNCgXI"" />"
,Loop 8,"<img src=""https://umich.qualtrics.com/ControlPanel/Graphic.php?IM=IM_71BuDyzLUJd6phQ"" />","<img src=""https://umich.qualtrics.com/ControlPanel/Graphic.php?IM=IM_d5UmaUooIqdI4Jg"" />","<img src=""https://umich.qualtrics.com/ControlPanel/Graphic.php?IM=IM_3q7ERhSN6DlXERE"" />","<img src=""https://umich.qualtrics.com/ControlPanel/Graphic.php?IM=IM_1GGZ7lQ5qOGnl0W"" />","<img src=""https://umich.qualtrics.com/ControlPanel/Graphic.php?IM=IM_1KZ9i3QFUptt47I"" />","<img src=""https://umich.qualtrics.com/ControlPanel/Graphic.php?IM=IM_d1rfFUoNmAFLQs6"" />","<img src=""https://umich.qualtrics.com/ControlPanel/Graphic.php?IM=IM_4Mfjkr0NKcD2oF8"" />","<img src=""https://umich.qualtrics.com/ControlPanel/Graphic.php?IM=IM_6DnXUeWYgGRioXc"" />"
,Loop 9,"<img src=""https://umich.qualtrics.com/ControlPanel/Graphic.php?IM=IM_bqm5BwEKIQFIr8G"" />","<img src=""https://umich.qualtrics.com/ControlPanel/Graphic.php?IM=IM_enbyC6rYE3xScBg"" />","<img src=""https://umich.qualtrics.com/ControlPanel/Graphic.php?IM=IM_3pDAAKWBE7XWCcS"" />","<img src=""https://umich.qualtrics.com/ControlPanel/Graphic.php?IM=IM_25ZsmRXw5n04DT8"" />","<img src=""https://umich.qualtrics.com/ControlPanel/Graphic.php?IM=IM_5w1EOSrYFO3BqjI"" />","<img src=""https://umich.qualtrics.com/ControlPanel/Graphic.php?IM=IM_6g7DQpb7a7wYUWa"" />","<img src=""https://umich.qualtrics.com/ControlPanel/Graphic.php?IM=IM_eG79Z9lieweUE3Y"" />","<img src=""https://umich.qualtrics.com/ControlPanel/Graphic.php?IM=IM_55Ala6FtIazI4S2"" />"
,,,,,,,,,
List J,,Field 1,Field 2,Field 3,Field 4,Field 5,Field 6,Field 7,Field 8
,Loop 1,"<img src=""https://umich.qualtrics.com/ControlPanel/Graphic.php?IM=IM_bJI42TlPmxdh28m"" />","<img src=""https://umich.qualtrics.com/ControlPanel/Graphic.php?IM=IM_0ePdZUnbQyGvzMy"" />","<img src=""https://umich.qualtrics.com/ControlPanel/Graphic.php?IM=IM_1RdfYAHv5Hr87ye"" />","<img src=""https://umich.qualtrics.com/ControlPanel/Graphic.php?IM=IM_3JmDFHMxjb1ZnIG"" />","<img src=""https://umich.qualtrics.com/ControlPanel/Graphic.php?IM=IM_1GGZ7lQ5qOGnl0W"" />","<img src=""https://umich.qualtrics.com/ControlPanel/Graphic.php?IM=IM_7TJHqQm1T7pYe7Y"" />","<img src=""https://umich.qualtrics.com/ControlPanel/Graphic.php?IM=IM_80pWLviJv5ZP9tQ"" />","<img src=""https://umich.qualtrics.com/ControlPanel/Graphic.php?IM=IM_9HMr90CS0IdVCxo"" />"
,Loop 2,"<img src=""https://umich.qualtrics.com/ControlPanel/Graphic.php?IM=IM_0IZY6YLPlctK9ee"" />","<img src=""https://umich.qualtrics.com/ControlPanel/Graphic.php?IM=IM_5o6MctpzPtXraDA"" />","<img src=""https://umich.qualtrics.com/ControlPanel/Graphic.php?IM=IM_0wz9N4p8WBAwEmy"" />","<img src=""https://umich.qualtrics.com/ControlPanel/Graphic.php?IM=IM_6gIxLP4wJQLbOl0"" />","<img src=""https://umich.qualtrics.com/ControlPanel/Graphic.php?IM=IM_bOBq5x3NjLaikPs"" />","<img src=""https://umich.qualtrics.com/ControlPanel/Graphic.php?IM=IM_3Vjs6cWw67woixg"" />","<img src=""https://umich.qualtrics.com/ControlPanel/Graphic.php?IM=IM_00ss5C58pZNCgXI"" />","<img src=""https://umich.qualtrics.com/ControlPanel/Graphic.php?IM=IM_7W29uBl5jhqQuzA"" />"
,Loop 3,"<img src=""https://umich.qualtrics.com/ControlPanel/Graphic.php?IM=IM_5i32LTMRyIPNlvU"" />","<img src=""https://umich.qualtrics.com/ControlPanel/Graphic.php?IM=IM_0cTR9UocdJhXgWi"" />","<img src=""https://umich.qualtrics.com/ControlPanel/Graphic.php?IM=IM_e41UKvWM1iwJVjw"" />","<img src=""https://umich.qualtrics.com/ControlPanel/Graphic.php?IM=IM_bqm5BwEKIQFIr8G"" />","<img src=""https://umich.qualtrics.com/ControlPanel/Graphic.php?IM=IM_dneybb3yhJ1lfgi"" />","<img src=""https://umich.qualtrics.com/ControlPanel/Graphic.php?IM=IM_1zCS9P17d1Fa9hk"" />","<img src=""https://umich.qualtrics.com/ControlPanel/Graphic.php?IM=IM_07LMIlKKhiR1rLw"" />","<img src=""https://umich.qualtrics.com/ControlPanel/Graphic.php?IM=IM_d5UmaUooIqdI4Jg"" />"
,Loop 4,"<img src=""https://umich.qualtrics.com/ControlPanel/Graphic.php?IM=IM_6g7DQpb7a7wYUWa"" />","<img src=""https://umich.qualtrics.com/ControlPanel/Graphic.php?IM=IM_71BuDyzLUJd6phQ"" />","<img src=""https://umich.qualtrics.com/ControlPanel/Graphic.php?IM=IM_55Ala6FtIazI4S2"" />","<img src=""https://umich.qualtrics.com/ControlPanel/Graphic.php?IM=IM_4Hm3DTLCHeUJE6a"" />","<img src=""https://umich.qualtrics.com/ControlPanel/Graphic.php?IM=IM_bPB4WINJX4AgIt0"" />","<img src=""https://umich.qualtrics.com/ControlPanel/Graphic.php?IM=IM_3wu09nyiHgPojYO"" />","<img src=""https://umich.qualtrics.com/ControlPanel/Graphic.php?IM=IM_6Ap0mCSxX2gerWK"" />","<img src=""https://umich.qualtrics.com/ControlPanel/Graphic.php?IM=IM_8komtRwotXaCsqG"" />"
,Loop 5,"<img src=""https://umich.qualtrics.com/ControlPanel/Graphic.php?IM=IM_0BskEdKAiUEkCWO"" />","<img src=""https://umich.qualtrics.com/ControlPanel/Graphic.php?IM=IM_7NUltctMlvEWeZE"" />","<img src=""https://umich.qualtrics.com/ControlPanel/Graphic.php?IM=IM_dnYWzH41xuyqGGi"" />","<img src=""https://umich.qualtrics.com/ControlPanel/Graphic.php?IM=IM_1LCRaaA8no5VnPU"" />","<img src=""https://umich.qualtrics.com/ControlPanel/Graphic.php?IM=IM_esoFWxZ1KFg7Hoi"" />","<img src=""https://umich.qualtrics.com/ControlPanel/Graphic.php?IM=IM_9AEoXx8bXXlsF9k"" />","<img src=""https://umich.qualtrics.com/ControlPanel/Graphic.php?IM=IM_3pDAAKWBE7XWCcS"" />","<img src=""https://umich.qualtrics.com/ControlPanel/Graphic.php?IM=IM_d1rfFUoNmAFLQs6"" />"
,Loop 6,"<img src=""https://umich.qualtrics.com/ControlPanel/Graphic.php?IM=IM_egS3bJ2zTQIFlQi"" />","<img src=""https://umich.qualtrics.com/ControlPanel/Graphic.php?IM=IM_4OygS4IG3MkOMVU"" />","<img src=""https://umich.qualtrics.com/ControlPanel/Graphic.php?IM=IM_9XLji5myBcyNRgG"" />","<img src=""https://umich.qualtrics.com/ControlPanel/Graphic.php?IM=IM_damOw65HHVB8YgS"" />","<img src=""https://umich.qualtrics.com/ControlPanel/Graphic.php?IM=IM_4Mfjkr0NKcD2oF8"" />","<img src=""https://umich.qualtrics.com/ControlPanel/Graphic.php?IM=IM_8wyBGsBgbSyT4Mu"" />","<img src=""https://umich.qualtrics.com/ControlPanel/Graphic.php?IM=IM_3xeqoGjlDlIJdJA"" />","<img src=""https://umich.qualtrics.com/ControlPanel/Graphic.php?IM=IM_6sOaajzmi0DVVOe"" />"
,Loop 7,"<img src=""https://umich.qualtrics.com/ControlPanel/Graphic.php?IM=IM_0jnWIADUa2xOzRk"" />","<img src=""https://umich.qualtrics.com/ControlPanel/Graphic.php?IM=IM_8BXnzZjzycDdu0S"" />","<img src=""https://umich.qualtrics.com/ControlPanel/Graphic.php?IM=IM_1Y6CdDGufsQVhC6"" />","<img src=""https://umich.qualtrics.com/ControlPanel/Graphic.php?IM=IM_1RkSbxcQICPx37g"" />","<img src=""https://umich.qualtrics.com/ControlPanel/Graphic.php?IM=IM_8vRESw1r1m9WJQG"" />","<img src=""https://umich.qualtrics.com/ControlPanel/Graphic.php?IM=IM_1KZ9i3QFUptt47I"" />","<img src=""https://umich.qualtrics.com/ControlPanel/Graphic.php?IM=IM_d5S9mQuBb9aQHPg"" />","<img src=""https://umich.qualtrics.com/ControlPanel/Graphic.php?IM=IM_b1xwjLgVN9MV4SW"" />"
,Loop 8,"<img src=""https://umich.qualtrics.com/ControlPanel/Graphic.php?IM=IM_bDYdkrzC4NzrGhU"" />","<img src=""https://umich.qualtrics.com/ControlPanel/Graphic.php?IM=IM_25ZsmRXw5n04DT8"" />","<img src=""https://umich.qualtrics.com/ControlPanel/Graphic.php?IM=IM_5aNRBfnLyChko0C"" />","<img src=""https://umich.qualtrics.com/ControlPanel/Graphic.php?IM=IM_3q7ERhSN6DlXERE"" />","<img src=""https://umich.qualtrics.com/ControlPanel/Graphic.php?IM=IM_eG79Z9lieweUE3Y"" />","<img src=""https://umich.qualtrics.com/ControlPanel/Graphic.php?IM=IM_exuTw27UG3My70a"" />","<img src=""https://umich.qualtrics.com/ControlPanel/Graphic.php?IM=IM_3UIRZwrOzcLocHI"" />","<img src=""https://umich.qualtrics.com/ControlPanel/Graphic.php?IM=IM_bm7CA5L0BeMxgPA"" />"
,Loop 9,"<img src=""https://umich.qualtrics.com/ControlPanel/Graphic.php?IM=IM_czRS1I8XhHQyhTg"" />","<img src=""https://umich.qualtrics.com/ControlPanel/Graphic.php?IM=IM_8doYi3Y3cSrgHrg"" />","<img src=""https://umich.qualtrics.com/ControlPanel/Graphic.php?IM=IM_cGBQoII3pzqhw58"" />","<img src=""https://umich.qualtrics.com/ControlPanel/Graphic.php?IM=IM_enbyC6rYE3xScBg"" />","<img src=""https://umich.qualtrics.com/ControlPanel/Graphic.php?IM=IM_5w1EOSrYFO3BqjI"" />","<img src=""https://umich.qualtrics.com/ControlPanel/Graphic.php?IM=IM_6DnXUeWYgGRioXc"" />","<img src=""https://umich.qualtrics.com/ControlPanel/Graphic.php?IM=IM_bmwzQh05jbnX3Uy"" />","<img src=""https://umich.qualtrics.com/ControlPanel/Graphic.php?IM=IM_9yQ4aMCueB2VU8K"" />"